ISO-10303-21;
HEADER;
FILE_DESCRIPTION (( 'STEP AP203' ),
    '1' );
FILE_NAME ('BUQD0094-ACC UQD08 母頭閥芯 ocp2.0  2.62密封圈.STEP',
    '2026-07-04T02:47:38',
    ( '' ),
    ( '' ),
    'SwSTEP 2.0',
    'SolidWorks 2018',
    '' );
FILE_SCHEMA (( 'CONFIG_CONTROL_DESIGN' ));
ENDSEC;

DATA;
#1 = CARTESIAN_POINT ( 'NONE',  ( -4.996775958792770922, -37.04429651181983729, 3.146746270777666776 ) ) ;
#2 = ORIENTED_EDGE ( 'NONE', *, *, #1322, .F. ) ;
#3 = CARTESIAN_POINT ( 'NONE',  ( 0.000000000000000000, 0.000000000000000000, 0.000000000000000000 ) ) ;
#4 = EDGE_LOOP ( 'NONE', ( #1140, #514, #156, #110, #532 ) ) ;
#5 = EDGE_CURVE ( 'NONE', #398, #398, #615, .T. ) ;
#6 = CARTESIAN_POINT ( 'NONE',  ( 3.888253587292846081E-16, -37.00000000000000000, -5.150000000000000355 ) ) ;
#7 = DATE_AND_TIME ( #480, #267 ) ;
#8 = CIRCLE ( 'NONE', #768, 3.250000000000000444 ) ;
#9 = DIRECTION ( 'NONE',  ( 0.000000000000000000, 0.000000000000000000, -1.000000000000000000 ) ) ;
#10 = CARTESIAN_POINT ( 'NONE',  ( 0.000000000000000000, -26.99998296054372204, 0.000000000000000000 ) ) ;
#11 = ADVANCED_FACE ( 'NONE', ( #668, #388 ), #89, .T. ) ;
#12 = CIRCLE ( 'NONE', #527, 5.535000000000000142 ) ;
#13 = EDGE_LOOP ( 'NONE', ( #174 ) ) ;
#14 = CARTESIAN_POINT ( 'NONE',  ( -3.146746270777646348, -37.04429651181986571, -4.996775958792708749 ) ) ;
#15 = CARTESIAN_POINT ( 'NONE',  ( -0.5303423269407717688, -38.89999999999999858, 0.5303423269407674390 ) ) ;
#16 = AXIS2_PLACEMENT_3D ( 'NONE', #281, #732, #429 ) ;
#17 = DIRECTION ( 'NONE',  ( 0.000000000000000000, 0.000000000000000000, -1.000000000000000000 ) ) ;
#18 = EDGE_LOOP ( 'NONE', ( #2 ) ) ;
#19 = ORIENTED_EDGE ( 'NONE', *, *, #1035, .F. ) ;
#20 = CARTESIAN_POINT ( 'NONE',  ( 3.146743673701531296, -37.04431261976839806, -4.996736672765078602 ) ) ;
#21 = VERTEX_POINT ( 'NONE', #144 ) ;
#22 = DIRECTION ( 'NONE',  ( 0.000000000000000000, 0.000000000000000000, -1.000000000000000000 ) ) ;
#23 = EDGE_CURVE ( 'NONE', #163, #163, #257, .T. ) ;
#24 = CARTESIAN_POINT ( 'NONE',  ( 0.000000000000000000, -0.9000000000000000222, -5.334999999999999964 ) ) ;
#25 = CARTESIAN_POINT ( 'NONE',  ( 2.286392831425508199, -37.69094934504867211, -2.286392831425500649 ) ) ;
#26 = CARTESIAN_POINT ( 'NONE',  ( -1.508193561614909139, -38.02107978071322947, 1.508193561614893818 ) ) ;
#27 = FACE_OUTER_BOUND ( 'NONE', #172, .T. ) ;
#28 = FACE_OUTER_BOUND ( 'NONE', #772, .T. ) ;
#29 = DIRECTION ( 'NONE',  ( 0.000000000000000000, 0.000000000000000000, 1.000000000000000000 ) ) ;
#30 = DESIGN_CONTEXT ( 'detailed design', #250, 'design' ) ;
#31 = CARTESIAN_POINT ( 'NONE',  ( 1.949131487116842587, -28.74655630037916865, 2.669095546283687170 ) ) ;
#32 = ORIENTED_EDGE ( 'NONE', *, *, #1162, .T. ) ;
#33 = EDGE_CURVE ( 'NONE', #1302, #1302, #1421, .T. ) ;
#34 = CARTESIAN_POINT ( 'NONE',  ( 0.000000000000000000, -8.123250084251132819, 2.410822227524090700 ) ) ;
#35 = ORIENTED_EDGE ( 'NONE', *, *, #844, .T. ) ;
#36 = CARTESIAN_POINT ( 'NONE',  ( 1.834867364293423897, -37.84426750856336241, -1.834867364293417902 ) ) ;
#37 = AXIS2_PLACEMENT_3D ( 'NONE', #825, #494, #386 ) ;
#38 = CARTESIAN_POINT ( 'NONE',  ( 3.393965148330700288, -37.63482643107309400, 3.163082073155040419 ) ) ;
#39 = ORIENTED_EDGE ( 'NONE', *, *, #193, .T. ) ;
#40 = CARTESIAN_POINT ( 'NONE',  ( 0.000000000000000000, -26.99998296054372204, -1.899999999999999911 ) ) ;
#41 = CARTESIAN_POINT ( 'NONE',  ( -3.207285416862053040, -37.51474043643912637, 3.700384530328680199 ) ) ;
#42 = CARTESIAN_POINT ( 'NONE',  ( -6.036442996162467267, -32.85588368346209620, -3.029063028865808693 ) ) ;
#43 = VERTEX_POINT ( 'NONE', #786 ) ;
#44 = CIRCLE ( 'NONE', #380, 8.300000000000006040 ) ;
#45 = EDGE_CURVE ( 'NONE', #665, #882, #1104, .T. ) ;
#46 = CARTESIAN_POINT ( 'NONE',  ( 0.000000000000000000, -20.46258096213785294, 1.899999999999999911 ) ) ;
#47 = DIRECTION ( 'NONE',  ( 0.000000000000000000, 0.000000000000000000, -1.000000000000000000 ) ) ;
#48 = CARTESIAN_POINT ( 'NONE',  ( 1.946994946123562276, -37.79398389649973211, 1.946994946123569159 ) ) ;
#49 = DIRECTION ( 'NONE',  ( 0.000000000000000000, 1.000000000000000000, 0.000000000000000000 ) ) ;
#50 = DIRECTION ( 'NONE',  ( -0.000000000000000000, -1.000000000000000000, -0.000000000000000000 ) ) ;
#51 = ORIENTED_EDGE ( 'NONE', *, *, #1208, .T. ) ;
#52 = CARTESIAN_POINT ( 'NONE',  ( -2.962680791928498536, -33.03884429745730955, -6.240297527368835695 ) ) ;
#53 = ORIENTED_EDGE ( 'NONE', *, *, #33, .F. ) ;
#54 = CARTESIAN_POINT ( 'NONE',  ( 0.000000000000000000, -36.79999999999999716, 0.000000000000000000 ) ) ;
#55 = CARTESIAN_POINT ( 'NONE',  ( -5.464105181122525856, -32.31789960765295433, -3.139888463956752140 ) ) ;
#56 = CARTESIAN_POINT ( 'NONE',  ( -2.640764322840881473, -29.96189267930898481, -3.424262085526135646 ) ) ;
#57 = CARTESIAN_POINT ( 'NONE',  ( -7.327635431417355072, -33.95361824840377807, -2.288511696168150422 ) ) ;
#58 = CARTESIAN_POINT ( 'NONE',  ( 0.000000000000000000, -18.82379836988613064, 0.000000000000000000 ) ) ;
#59 = EDGE_CURVE ( 'NONE', #457, #332, #933, .T. ) ;
#60 = CYLINDRICAL_SURFACE ( 'NONE', #570, 1.474999999999999423 ) ;
#61 = CARTESIAN_POINT ( 'NONE',  ( 0.5177295594648525512, -27.31294684041929344, -2.040278858621920488 ) ) ;
#62 = AXIS2_PLACEMENT_3D ( 'NONE', #393, #1350, #612 ) ;
#63 = ADVANCED_FACE ( 'NONE', ( #1382, #273 ), #650, .T. ) ;
#64 = CARTESIAN_POINT ( 'NONE',  ( 0.000000000000000000, -3.899999999999999911, 0.000000000000000000 ) ) ;
#65 = CONICAL_SURFACE ( 'NONE', #1007, 2.850000000000000089, 0.6857295109062858662 ) ;
#66 = CARTESIAN_POINT ( 'NONE',  ( 0.000000000000000000, -0.2000000000000000111, 0.000000000000000000 ) ) ;
#67 = CARTESIAN_POINT ( 'NONE',  ( -3.026591749748607452, -32.86368007359839538, -6.045014388494305280 ) ) ;
#68 = ORIENTED_EDGE ( 'NONE', *, *, #1172, .T. ) ;
#69 = ORIENTED_EDGE ( 'NONE', *, *, #493, .F. ) ;
#70 = DIRECTION ( 'NONE',  ( 1.000000000000000000, 0.000000000000000000, 3.491481338843133750E-15 ) ) ;
#71 = ORIENTED_EDGE ( 'NONE', *, *, #414, .F. ) ;
#72 = DIRECTION ( 'NONE',  ( 0.000000000000000000, 1.000000000000000000, 0.000000000000000000 ) ) ;
#73 = ADVANCED_FACE ( 'NONE', ( #349, #1398 ), #1120, .T. ) ;
#74 = AXIS2_PLACEMENT_3D ( 'NONE', #913, #1353, #390 ) ;
#75 = CARTESIAN_POINT ( 'NONE',  ( 1.944804169720085074, -28.74036390225055726, -2.665815889472487044 ) ) ;
#76 = B_SPLINE_CURVE_WITH_KNOTS ( 'NONE', 3,
 ( #875, #1082, #862, #869, #312, #548, #1094, #655, #666, #544, #442, #1401, #990, #1077, #208, #1309, #1292, #982, #1086, #437, #1197, #1097, #1407, #553, #100, #758, #1205, #562, #602, #1023, #582, #693, #683, #898, #1009, #131, #243, #369, #128, #1341, #689, #1117, #1014, #31, #478, #137, #239, #784, #1139, #357, #1134, #352, #1239, #1028, #462, #1124, #147, #248, #468, #919, #907, #484, #1244, #1347, #630, #1068, #835, #293, #1389, #1185 ),
 .UNSPECIFIED., .T., .F.,
 ( 4, 2, 2, 2, 2, 2, 2, 2, 2, 2, 2, 2, 2, 2, 2, 2, 2, 2, 2, 2, 2, 2, 2, 2, 2, 2, 2, 2, 2, 2, 2, 2, 2, 2, 4 ),
 ( 0.01883977480348339104, 0.01963146037428346868, 0.02042314594508354980, 0.02121483151588362745, 0.02200651708668370510, 0.02279820265748378275, 0.02358988822828386386, 0.02517325936988401569, 0.02596494494068409681, 0.02675663051148417446, 0.02754831608228425210, 0.02834000165308433322, 0.02913168722388441087, 0.02992337279468448852, 0.03071505836548456964, 0.03111090115088460673, 0.03150674393628464381, 0.03190258672168468784, 0.03229842950708472493, 0.03269427229248476202, 0.03309011507788480605, 0.03388180064868488023, 0.03467348621948496135, 0.03546517179028504246, 0.03625685736108512358, 0.03784022850268527194, 0.03863191407348535306, 0.03942359964428542723, 0.04021528521508550141, 0.04100697078588558253, 0.04179865635668565671, 0.04259034192748573089, 0.04338202749828580507, 0.04377787028368584216, 0.04417371306908587925 ),
 .UNSPECIFIED. ) ;
#77 = CARTESIAN_POINT ( 'NONE',  ( 3.163082073155026208, -37.63482643107310111, -3.393965148330688297 ) ) ;
#78 = CARTESIAN_POINT ( 'NONE',  ( -7.335821601293121219, -33.96014474756075430, 2.280526174956161611 ) ) ;
#79 = CARTESIAN_POINT ( 'NONE',  ( 2.140887286249376409, -27.59475332677632764, 0.9582581018500888614 ) ) ;
#80 = VERTEX_POINT ( 'NONE', #1127 ) ;
#81 = PRODUCT_DEFINITION_SHAPE ( 'NONE', 'NONE',  #508 ) ;
#82 = DIRECTION ( 'NONE',  ( -0.000000000000000000, -1.000000000000000000, -0.000000000000000000 ) ) ;
#83 = CARTESIAN_POINT ( 'NONE',  ( -8.291560019877808330, -34.69376501078513542, 0.2665760993550559399 ) ) ;
#84 = CARTESIAN_POINT ( 'NONE',  ( -4.633777436853947052, -37.17160077861382206, -3.208792153192408403 ) ) ;
#85 = CYLINDRICAL_SURFACE ( 'NONE', #934, 5.535000000000000142 ) ;
#86 = CARTESIAN_POINT ( 'NONE',  ( 0.000000000000000000, -37.00000000000000000, 0.000000000000000000 ) ) ;
#87 = B_SPLINE_CURVE_WITH_KNOTS ( 'NONE', 3,
 ( #122, #1004, #992, #347, #1220, #580 ),
 .UNSPECIFIED., .F., .F.,
 ( 4, 2, 4 ),
 ( 0.002086642979894604358, 0.003076465412637174011, 0.004066287845379743665 ),
 .UNSPECIFIED. ) ;
#88 = CARTESIAN_POINT ( 'NONE',  ( 0.000000000000000000, -1.199999999999999956, 0.000000000000000000 ) ) ;
#89 = CYLINDRICAL_SURFACE ( 'NONE', #864, 1.899999999999999911 ) ;
#90 = DIRECTION ( 'NONE',  ( 0.000000000000000000, 0.000000000000000000, -1.000000000000000000 ) ) ;
#91 = EDGE_LOOP ( 'NONE', ( #1039, #804, #300, #1021 ) ) ;
#92 = EDGE_LOOP ( 'NONE', ( #1073 ) ) ;
#93 = CARTESIAN_POINT ( 'NONE',  ( 0.000000000000000000, -10.69440052299729338, 0.000000000000000000 ) ) ;
#94 = AXIS2_PLACEMENT_3D ( 'NONE', #1188, #1194, #855 ) ;
#95 = CARTESIAN_POINT ( 'NONE',  ( 6.234162491791650496E-16, -34.69999999999998153, -8.300000000000002487 ) ) ;
#96 = VERTEX_POINT ( 'NONE', #382 ) ;
#97 = DIRECTION ( 'NONE',  ( 0.000000000000000000, 0.000000000000000000, -1.000000000000000000 ) ) ;
#98 = FACE_OUTER_BOUND ( 'NONE', #303, .T. ) ;
#99 = CARTESIAN_POINT ( 'NONE',  ( -3.149703704231708645, -37.00000000000000000, 5.106796116504860983 ) ) ;
#100 = CARTESIAN_POINT ( 'NONE',  ( -1.941893773591982120, -28.73614966854469799, 2.663565060583047206 ) ) ;
#101 = DIRECTION ( 'NONE',  ( 0.000000000000000000, 0.000000000000000000, -1.000000000000000000 ) ) ;
#102 = CARTESIAN_POINT ( 'NONE',  ( 6.618613083969202115, -33.36843942425769427, -2.794438191992031140 ) ) ;
#103 = PERSON ( '未指定', '未指定', '未指定', ('未指定'), ('未指定'), ('未指定') ) ;
#104 =( GEOMETRIC_REPRESENTATION_CONTEXT ( 3 ) GLOBAL_UNCERTAINTY_ASSIGNED_CONTEXT ( ( #199 ) ) GLOBAL_UNIT_ASSIGNED_CONTEXT ( ( #702, #598, #922 ) ) REPRESENTATION_CONTEXT ( 'NONE', 'WORKASPACE' ) );
#105 = ORIENTED_EDGE ( 'NONE', *, *, #1215, .F. ) ;
#106 = ORIENTED_EDGE ( 'NONE', *, *, #951, .F. ) ;
#107 = CARTESIAN_POINT ( 'NONE',  ( 6.238667508489937674, -33.03737797330960291, -2.963192915627931523 ) ) ;
#108 = EDGE_LOOP ( 'NONE', ( #154 ) ) ;
#109 = CARTESIAN_POINT ( 'NONE',  ( 3.235013967532653023, -37.28152625235056661, 4.323153596342695693 ) ) ;
#110 = ORIENTED_EDGE ( 'NONE', *, *, #1256, .F. ) ;
#111 = EDGE_CURVE ( 'NONE', #232, #279, #348, .T. ) ;
#112 = CARTESIAN_POINT ( 'NONE',  ( 3.146746270777645460, -37.04429651181986571, 4.996775958792704309 ) ) ;
#113 = AXIS2_PLACEMENT_3D ( 'NONE', #1145, #811, #268 ) ;
#114 = CARTESIAN_POINT ( 'NONE',  ( 2.063150442373203663, -27.37949136621851665, -0.6374446764106805885 ) ) ;
#115 = B_SPLINE_CURVE_WITH_KNOTS ( 'NONE', 3,
 ( #461, #242, #375, #1227, #141, #1022, #1138, #691, #1330, #26, #1012, #1027, #356, #483 ),
 .UNSPECIFIED., .F., .F.,
 ( 4, 2, 2, 2, 2, 2, 4 ),
 ( 0.0005483474771255811503, 0.001038709765488425325, 0.001529072053851269607, 0.002019434342214114324, 0.002509796630576958173, 0.003490521207302645871, 0.004471245784028334870 ),
 .UNSPECIFIED. ) ;
#116 = PERSON_AND_ORGANIZATION ( #103, #889 ) ;
#117 = CARTESIAN_POINT ( 'NONE',  ( -4.942216899348581549, -37.06666666666666288, -3.143139542413607490 ) ) ;
#118 = CARTESIAN_POINT ( 'NONE',  ( 0.000000000000000000, -10.69440052299729338, 0.000000000000000000 ) ) ;
#119 = CARTESIAN_POINT ( 'NONE',  ( -3.235013967532652579, -37.28152625235056661, -4.323153596342709903 ) ) ;
#120 = CARTESIAN_POINT ( 'NONE',  ( 8.031210465710683977, -34.49926800640082547, -1.279730693635460659 ) ) ;
#121 = CARTESIAN_POINT ( 'NONE',  ( 5.051635180066222475, -37.02207802175424689, -3.148947072213271081 ) ) ;
#122 = CARTESIAN_POINT ( 'NONE',  ( -3.094464374970013143, -37.75717475989829808, 3.094464374969980724 ) ) ;
#123 = ORIENTED_EDGE ( 'NONE', *, *, #924, .F. ) ;
#124 = ORIENTED_EDGE ( 'NONE', *, *, #738, .F. ) ;
#125 = CARTESIAN_POINT ( 'NONE',  ( 4.633577858372560421, -37.17166867715876322, -3.208834634294626120 ) ) ;
#126 = EDGE_LOOP ( 'NONE', ( #35 ) ) ;
#127 = CARTESIAN_POINT ( 'NONE',  ( 0.000000000000000000, -4.327205953146759043, 0.000000000000000000 ) ) ;
#128 = CARTESIAN_POINT ( 'NONE',  ( 0.9578170977995793534, -27.60937336108894868, 2.147423568800372884 ) ) ;
#129 = DIRECTION ( 'NONE',  ( 0.000000000000000000, 0.000000000000000000, -1.000000000000000000 ) ) ;
#130 = PLANE ( 'NONE',  #1200 ) ;
#131 = CARTESIAN_POINT ( 'NONE',  ( 0.5223710313456706444, -27.31512630400401420, 2.041020640989047230 ) ) ;
#132 = FACE_OUTER_BOUND ( 'NONE', #1271, .T. ) ;
#133 = CARTESIAN_POINT ( 'NONE',  ( 3.699550011623861323, -37.51506229761988465, -3.207192829853264815 ) ) ;
#134 = CARTESIAN_POINT ( 'NONE',  ( 3.143139542413555976, -37.06666666666666288, -4.942216899348615300 ) ) ;
#135 = DIRECTION ( 'NONE',  ( 0.000000000000000000, 0.000000000000000000, -1.000000000000000000 ) ) ;
#136 = FACE_OUTER_BOUND ( 'NONE', #245, .T. ) ;
#137 = CARTESIAN_POINT ( 'NONE',  ( 2.326340026749736278, -29.35078979473248140, 3.019294190165657810 ) ) ;
#138 = ORIENTED_EDGE ( 'NONE', *, *, #175, .F. ) ;
#139 = MECHANICAL_CONTEXT ( 'NONE', #1345, 'mechanical' ) ;
#140 = AXIS2_PLACEMENT_3D ( 'NONE', #93, #1079, #322 ) ;
#141 = CARTESIAN_POINT ( 'NONE',  ( -2.517355604744362374, -37.66416923785817517, 2.517355604744336173 ) ) ;
#142 = ORIENTED_EDGE ( 'NONE', *, *, #1390, .F. ) ;
#143 = ORIENTED_EDGE ( 'NONE', *, *, #579, .T. ) ;
#144 = CARTESIAN_POINT ( 'NONE',  ( 3.143139542413556420, -37.06666666666666288, 4.942216899348616188 ) ) ;
#145 = CARTESIAN_POINT ( 'NONE',  ( 0.000000000000000000, -37.00000000000000000, -10.05000000000000071 ) ) ;
#146 = CARTESIAN_POINT ( 'NONE',  ( -3.888253587292846081E-16, -27.00000000000000000, 5.150000000000000355 ) ) ;
#147 = CARTESIAN_POINT ( 'NONE',  ( 2.964363127964816602, -33.03490623003947491, 6.235850958000519029 ) ) ;
#148 = AXIS2_PLACEMENT_3D ( 'NONE', #181, #400, #1264 ) ;
#149 = CARTESIAN_POINT ( 'NONE',  ( 0.000000000000000000, -18.82379836988613064, -1.474999999999999423 ) ) ;
#150 = CARTESIAN_POINT ( 'NONE',  ( 2.517355604744368147, -37.66416923785814674, -2.517355604744358821 ) ) ;
#151 = CARTESIAN_POINT ( 'NONE',  ( 1.508193561614914913, -38.02107978071320815, -1.508193561614909139 ) ) ;
#152 = CARTESIAN_POINT ( 'NONE',  ( -8.300000000000006040, -34.69999999999999574, 2.768781297984856948E-14 ) ) ;
#153 = FACE_OUTER_BOUND ( 'NONE', #653, .T. ) ;
#154 = ORIENTED_EDGE ( 'NONE', *, *, #584, .F. ) ;
#155 = CARTESIAN_POINT ( 'NONE',  ( 0.000000000000000000, -4.455763475084066449, -5.488208888623797854 ) ) ;
#156 = ORIENTED_EDGE ( 'NONE', *, *, #59, .T. ) ;
#157 = DIRECTION ( 'NONE',  ( 0.000000000000000000, 0.000000000000000000, -1.000000000000000000 ) ) ;
#158 = CARTESIAN_POINT ( 'NONE',  ( 2.982096256382503086, -37.71876648766079398, 2.982096256382513300 ) ) ;
#159 = ORIENTED_EDGE ( 'NONE', *, *, #1274, .T. ) ;
#160 = CARTESIAN_POINT ( 'NONE',  ( 5.150000000000000355, -36.69999999999999574, 1.798112889504213678E-14 ) ) ;
#161 = CARTESIAN_POINT ( 'NONE',  ( -8.300000000000007816, -34.69999999999998863, -0.2668051985340897381 ) ) ;
#162 = CARTESIAN_POINT ( 'NONE',  ( -1.149311815010426008, -27.78155808638358337, -2.215385600666565313 ) ) ;
#163 = VERTEX_POINT ( 'NONE', #34 ) ;
#164 = AXIS2_PLACEMENT_3D ( 'NONE', #525, #1306, #1403 ) ;
#165 = ADVANCED_FACE ( 'NONE', ( #581 ), #836, .T. ) ;
#166 = CARTESIAN_POINT ( 'NONE',  ( 0.000000000000000000, 0.000000000000000000, 0.000000000000000000 ) ) ;
#167 = CARTESIAN_POINT ( 'NONE',  ( -5.089914698195378229, -31.94412522028156687, -3.154988333956839419 ) ) ;
#168 = CARTESIAN_POINT ( 'NONE',  ( -1.723999288662805940, -34.32231207240400295, -7.798415638561262853 ) ) ;
#169 = CIRCLE ( 'NONE', #214, 5.535000000000000142 ) ;
#170 = CARTESIAN_POINT ( 'NONE',  ( 4.942216899348604642, -37.06666666666666288, 3.143139542413573295 ) ) ;
#171 = CARTESIAN_POINT ( 'NONE',  ( -3.573470041193104407, -30.16938328157144156, -2.732485952854633027 ) ) ;
#172 = EDGE_LOOP ( 'NONE', ( #900, #935, #601, #318, #845 ) ) ;
#173 = DIRECTION ( 'NONE',  ( 0.000000000000000000, 1.000000000000000000, 0.000000000000000000 ) ) ;
#174 = ORIENTED_EDGE ( 'NONE', *, *, #364, .T. ) ;
#175 = EDGE_CURVE ( 'NONE', #1143, #1143, #1211, .T. ) ;
#176 = CARTESIAN_POINT ( 'NONE',  ( -2.731733109462356257, -30.16751183505716583, -3.572069965961198523 ) ) ;
#177 = EDGE_LOOP ( 'NONE', ( #1289, #745, #51, #410 ) ) ;
#178 = CARTESIAN_POINT ( 'NONE',  ( 5.106796116504894734, -37.00000000000000000, 3.149703704231655355 ) ) ;
#179 = CARTESIAN_POINT ( 'NONE',  ( -4.894530547885389993, -31.74115294328219861, 3.144810859721675733 ) ) ;
#180 = VERTEX_POINT ( 'NONE', #209 ) ;
#181 = CARTESIAN_POINT ( 'NONE',  ( 0.000000000000000000, -38.89999999999999858, 0.000000000000000000 ) ) ;
#182 = CARTESIAN_POINT ( 'NONE',  ( 3.207285416862056593, -37.51474043643910505, -3.700384530328703736 ) ) ;
#183 = CARTESIAN_POINT ( 'NONE',  ( -2.209516997153493367, -27.76707809956313966, 1.134282716469982910 ) ) ;
#184 = CALENDAR_DATE ( 2026, 4, 7 ) ;
#185 = DIRECTION ( 'NONE',  ( 0.000000000000000000, 0.000000000000000000, 1.000000000000000000 ) ) ;
#186 = AXIS2_PLACEMENT_3D ( 'NONE', #506, #611, #157 ) ;
#187 = CARTESIAN_POINT ( 'NONE',  ( 3.094464374970025133, -37.75717475989829097, -3.094464374970014475 ) ) ;
#188 = CARTESIAN_POINT ( 'NONE',  ( -4.024006306265263788, -30.76290370425280329, 2.962231512270638856 ) ) ;
#189 = CIRCLE ( 'NONE', #223, 4.649999999999999467 ) ;
#190 = ORIENTED_EDGE ( 'NONE', *, *, #747, .T. ) ;
#191 = CARTESIAN_POINT ( 'NONE',  ( -8.231853494371932811, -34.64950990190767044, 0.6647375607563602573 ) ) ;
#192 = ORIENTED_EDGE ( 'NONE', *, *, #1375, .F. ) ;
#193 = EDGE_CURVE ( 'NONE', #842, #783, #1119, .T. ) ;
#194 = DIRECTION ( 'NONE',  ( -0.000000000000000000, -1.000000000000000000, -0.000000000000000000 ) ) ;
#195 = ADVANCED_FACE ( 'NONE', ( #649 ), #501, .T. ) ;
#196 = DIRECTION ( 'NONE',  ( 0.000000000000000000, 0.000000000000000000, -1.000000000000000000 ) ) ;
#197 = DIRECTION ( 'NONE',  ( 0.000000000000000000, 1.000000000000000000, -1.783247239190584574E-16 ) ) ;
#198 = DIRECTION ( 'NONE',  ( 0.000000000000000000, 0.000000000000000000, -1.000000000000000000 ) ) ;
#199 = UNCERTAINTY_MEASURE_WITH_UNIT (LENGTH_MEASURE( 1.000000000000000082E-05 ), #702, 'distance_accuracy_value', 'NONE');
#200 = FACE_OUTER_BOUND ( 'NONE', #885, .T. ) ;
#201 = DIRECTION ( 'NONE',  ( 0.000000000000000000, 0.000000000000000000, 1.000000000000000000 ) ) ;
#202 = FACE_OUTER_BOUND ( 'NONE', #177, .T. ) ;
#203 = EDGE_CURVE ( 'NONE', #332, #697, #269, .T. ) ;
#204 = CARTESIAN_POINT ( 'NONE',  ( 8.300000000000000711, -34.69999999999997442, 0.2700810222781904191 ) ) ;
#205 = CIRCLE ( 'NONE', #1409, 1.474999999999999423 ) ;
#206 = B_SPLINE_CURVE_WITH_KNOTS ( 'NONE', 3,
 ( #99, #868, #1338, #687 ),
 .UNSPECIFIED., .F., .F.,
 ( 4, 4 ),
 ( 5.304446430031425831E-07, 0.0001763226930842339360 ),
 .UNSPECIFIED. ) ;
#207 = CARTESIAN_POINT ( 'NONE',  ( 0.000000000000000000, 9.797127175078059781E-18, 0.000000000000000000 ) ) ;
#208 = CARTESIAN_POINT ( 'NONE',  ( -3.170173032097581167, -31.93907415167141650, 5.076880958955952039 ) ) ;
#209 = CARTESIAN_POINT ( 'NONE',  ( -6.266505781462261080E-16, -34.69999999999999574, 8.300000000000006040 ) ) ;
#210 = ORIENTED_EDGE ( 'NONE', *, *, #1172, .F. ) ;
#211 = CARTESIAN_POINT ( 'NONE',  ( 5.106796116504829008, -37.00000000000000000, -3.149703704231761492 ) ) ;
#212 = EDGE_LOOP ( 'NONE', ( #473 ) ) ;
#213 = EDGE_CURVE ( 'NONE', #783, #952, #189, .T. ) ;
#214 = AXIS2_PLACEMENT_3D ( 'NONE', #1374, #1394, #623 ) ;
#215 = CARTESIAN_POINT ( 'NONE',  ( 7.797890649474868319, -34.32190267516345017, -1.724501159315796395 ) ) ;
#216 = B_SPLINE_CURVE_WITH_KNOTS ( 'NONE', 3,
 ( #1363, #158, #387, #495, #932, #1155, #384, #48, #806, #1153, #816, #1254, #1045, #492 ),
 .UNSPECIFIED., .F., .F.,
 ( 4, 2, 2, 2, 2, 2, 4 ),
 ( 0.0005483474771255602252, 0.001038709765488415350, 0.001529072053851270692, 0.002019434342214125599, 0.002509796630576981158, 0.003490521207302684902, 0.004471245784028389514 ),
 .UNSPECIFIED. ) ;
#217 = CARTESIAN_POINT ( 'NONE',  ( 3.094464374970029574, -37.75717475989827676, 3.094464374970040677 ) ) ;
#218 = CARTESIAN_POINT ( 'NONE',  ( -3.888253587292846081E-16, -37.00000000000000000, 5.150000000000000355 ) ) ;
#219 = DATE_AND_TIME ( #576, #807 ) ;
#220 = CARTESIAN_POINT ( 'NONE',  ( 8.299999999999998934, -34.69999999999998153, -8.806432146013509765E-14 ) ) ;
#221 = CIRCLE ( 'NONE', #1154, 10.25000000000000000 ) ;
#222 = CARTESIAN_POINT ( 'NONE',  ( -3.132575728577414953, -37.69573361742794049, -3.242691151242475645 ) ) ;
#223 = AXIS2_PLACEMENT_3D ( 'NONE', #774, #338, #893 ) ;
#224 = CARTESIAN_POINT ( 'NONE',  ( 2.667905671839683635, -28.74436793303241444, -1.947657816694359223 ) ) ;
#225 = TOROIDAL_SURFACE ( 'NONE', #1313, 10.05000000000000071, 0.2000000000000000111 ) ;
#226 = B_SPLINE_CURVE_WITH_KNOTS ( 'NONE', 3,
 ( #178, #1042, #810, #170 ),
 .UNSPECIFIED., .F., .F.,
 ( 4, 4 ),
 ( 5.304446430023613011E-07, 0.0001763226930842618000 ),
 .UNSPECIFIED. ) ;
#227 = ORIENTED_EDGE ( 'NONE', *, *, #5, .F. ) ;
#228 = CARTESIAN_POINT ( 'NONE',  ( -4.942216899348581549, -37.06666666666666288, -3.143139542413607490 ) ) ;
#229 = DIRECTION ( 'NONE',  ( 0.000000000000000000, 0.000000000000000000, -1.000000000000000000 ) ) ;
#230 = EDGE_LOOP ( 'NONE', ( #974 ) ) ;
#231 = CARTESIAN_POINT ( 'NONE',  ( 2.373076556510718582, -28.15109731210137056, -1.499159078165458236 ) ) ;
#232 = VERTEX_POINT ( 'NONE', #235 ) ;
#233 = CARTESIAN_POINT ( 'NONE',  ( 5.106796116504829008, -37.00000000000000000, -3.149703704231761492 ) ) ;
#234 = DIRECTION ( 'NONE',  ( 0.000000000000000000, 0.000000000000000000, -1.000000000000000000 ) ) ;
#235 = CARTESIAN_POINT ( 'NONE',  ( 5.106796116504894734, -37.00000000000000000, 3.149703704231655355 ) ) ;
#236 = CARTESIAN_POINT ( 'NONE',  ( 4.370458502620723884, -31.17322716630109625, -3.073600285501808749 ) ) ;
#237 = TOROIDAL_SURFACE ( 'NONE', #720, 5.474999999999999645, 4.000000000000000000 ) ;
#238 = CARTESIAN_POINT ( 'NONE',  ( 4.942216899348372827, -37.06666666666674814, -3.143139542413593279 ) ) ;
#239 = CARTESIAN_POINT ( 'NONE',  ( 2.437888496389581494, -29.55345497457060233, 3.147911347939571503 ) ) ;
#240 = CARTESIAN_POINT ( 'NONE',  ( 0.000000000000000000, -34.69999999999999574, 0.000000000000000000 ) ) ;
#241 = AXIS2_PLACEMENT_3D ( 'NONE', #1166, #72, #201 ) ;
#242 = CARTESIAN_POINT ( 'NONE',  ( -2.982096256382487542, -37.71876648766082951, 2.982096256382455568 ) ) ;
#243 = CARTESIAN_POINT ( 'NONE',  ( 0.6375230892553682693, -27.37950424614337308, 2.063151931919132487 ) ) ;
#244 = VERTEX_POINT ( 'NONE', #1273 ) ;
#245 = EDGE_LOOP ( 'NONE', ( #192, #551, #247, #1366, #567 ) ) ;
#246 = DIRECTION ( 'NONE',  ( 0.000000000000000000, 0.000000000000000000, -1.000000000000000000 ) ) ;
#247 = ORIENTED_EDGE ( 'NONE', *, *, #876, .F. ) ;
#248 = CARTESIAN_POINT ( 'NONE',  ( 2.794164998376784670, -33.36915047957459990, 6.619409071454936289 ) ) ;
#249 = AXIS2_PLACEMENT_3D ( 'NONE', #753, #1395, #97 ) ;
#250 = APPLICATION_CONTEXT ( 'configuration controlled 3d designs of mechanical parts and assemblies' ) ;
#251 = DIRECTION ( 'NONE',  ( 0.000000000000000000, 0.000000000000000000, 1.000000000000000000 ) ) ;
#252 = CARTESIAN_POINT ( 'NONE',  ( 0.000000000000000000, 0.000000000000000000, 0.000000000000000000 ) ) ;
#253 = VERTEX_POINT ( 'NONE', #1237 ) ;
#254 = CARTESIAN_POINT ( 'NONE',  ( 0.000000000000000000, -37.06666666666666288, -5.150000000000000355 ) ) ;
#255 = CARTESIAN_POINT ( 'NONE',  ( -3.163082073155019991, -37.63482643107311532, 3.393965148330660320 ) ) ;
#256 = FACE_BOUND ( 'NONE', #126, .T. ) ;
#257 = CIRCLE ( 'NONE', #716, 2.410822227524090700 ) ;
#258 = DIRECTION ( 'NONE',  ( 1.000000000000000000, 0.000000000000000000, 0.000000000000000000 ) ) ;
#259 = AXIS2_PLACEMENT_3D ( 'NONE', #948, #1057, #407 ) ;
#260 = ORIENTED_EDGE ( 'NONE', *, *, #1059, .T. ) ;
#261 = EDGE_LOOP ( 'NONE', ( #227 ) ) ;
#262 = CARTESIAN_POINT ( 'NONE',  ( 0.000000000000000000, 0.000000000000000000, 0.000000000000000000 ) ) ;
#263 = ORIENTED_EDGE ( 'NONE', *, *, #1327, .F. ) ;
#264 = APPROVAL_STATUS ( 'not_yet_approved' ) ;
#265 = CARTESIAN_POINT ( 'NONE',  ( -2.470847616576854922, -28.35922091113022603, -1.666016876060830931 ) ) ;
#266 = EDGE_CURVE ( 'NONE', #743, #709, #87, .T. ) ;
#267 = LOCAL_TIME ( 10, 47, 38.00000000000000000, #1078 ) ;
#268 = DIRECTION ( 'NONE',  ( 0.000000000000000000, 0.000000000000000000, 1.000000000000000000 ) ) ;
#269 = CIRCLE ( 'NONE', #991, 3.149999999999999911 ) ;
#270 = ADVANCED_FACE ( 'NONE', ( #799, #526 ), #896, .T. ) ;
#271 = EDGE_CURVE ( 'NONE', #1261, #1261, #12, .T. ) ;
#272 = CARTESIAN_POINT ( 'NONE',  ( -1.499607813892876562, -28.15157950504263695, -2.373284539247854319 ) ) ;
#273 = FACE_OUTER_BOUND ( 'NONE', #531, .T. ) ;
#274 = ORIENTED_EDGE ( 'NONE', *, *, #924, .T. ) ;
#275 = CARTESIAN_POINT ( 'NONE',  ( -3.426435551273668167, -29.96495823921530288, -2.642158398247831830 ) ) ;
#276 = AXIS2_PLACEMENT_3D ( 'NONE', #1218, #685, #674 ) ;
#277 = ORIENTED_EDGE ( 'NONE', *, *, #364, .F. ) ;
#278 = CARTESIAN_POINT ( 'NONE',  ( 2.962451865258020511, -30.76467710166785707, -4.025689717809668444 ) ) ;
#279 = VERTEX_POINT ( 'NONE', #764 ) ;
#280 = CARTESIAN_POINT ( 'NONE',  ( -4.358039507920261180, -31.15881749791992661, 3.070130048798091149 ) ) ;
#281 = CARTESIAN_POINT ( 'NONE',  ( 0.000000000000000000, -1.199999999999999956, 0.000000000000000000 ) ) ;
#282 = EDGE_CURVE ( 'NONE', #406, #695, #445, .T. ) ;
#283 = CARTESIAN_POINT ( 'NONE',  ( 1.153058972111028924, -27.77877075860091338, -2.212374315117317636 ) ) ;
#284 = LOCAL_TIME ( 10, 47, 38.00000000000000000, #591 ) ;
#285 = AXIS2_PLACEMENT_3D ( 'NONE', #1207, #197, #101 ) ;
#286 = DIRECTION ( 'NONE',  ( 0.000000000000000000, 0.000000000000000000, 1.000000000000000000 ) ) ;
#287 = CARTESIAN_POINT ( 'NONE',  ( -5.459592632698074155, -32.31357238011686661, 3.140490985386092504 ) ) ;
#288 = CIRCLE ( 'NONE', #37, 3.149999999999999911 ) ;
#289 = DIRECTION ( 'NONE',  ( 0.000000000000000000, 0.000000000000000000, -1.000000000000000000 ) ) ;
#290 = ADVANCED_FACE ( 'NONE', ( #256, #912 ), #130, .T. ) ;
#291 = CARTESIAN_POINT ( 'NONE',  ( 2.434166171769316822, -33.82026075797245568, -7.161676026694037134 ) ) ;
#292 = FACE_OUTER_BOUND ( 'NONE', #756, .T. ) ;
#293 = CARTESIAN_POINT ( 'NONE',  ( 0.2659432925053527574, -34.69378631210578590, 8.291588966691040952 ) ) ;
#294 = EDGE_LOOP ( 'NONE', ( #39, #694, #68, #631 ) ) ;
#295 = AXIS2_PLACEMENT_3D ( 'NONE', #421, #1187, #90 ) ;
#296 = CARTESIAN_POINT ( 'NONE',  ( -1.658251212803134367, -28.34917996578527166, -2.465945967331122812 ) ) ;
#297 = ORIENTED_EDGE ( 'NONE', *, *, #493, .T. ) ;
#298 = B_SPLINE_CURVE_WITH_KNOTS ( 'NONE', 3,
 ( #217, #860, #1298, #561, #1415, #109, #441, #996 ),
 .UNSPECIFIED., .F., .F.,
 ( 4, 2, 2, 4 ),
 ( 0.002890166222482664238, 0.003383512552618342124, 0.003876858882754019575, 0.004863551543025372743 ),
 .UNSPECIFIED. ) ;
#299 = CARTESIAN_POINT ( 'NONE',  ( 0.000000000000000000, -26.99998296054372204, 0.000000000000000000 ) ) ;
#300 = ORIENTED_EDGE ( 'NONE', *, *, #1256, .T. ) ;
#301 = CARTESIAN_POINT ( 'NONE',  ( -6.228103823004557782, -33.02803591274061290, 2.967254397242321318 ) ) ;
#302 = CC_DESIGN_DATE_AND_TIME_ASSIGNMENT ( #7, #1025, ( #508 ) ) ;
#303 = EDGE_LOOP ( 'NONE', ( #708 ) ) ;
#304 = CARTESIAN_POINT ( 'NONE',  ( 8.036750862611148349, -34.50381901975786292, 1.285610997418645596 ) ) ;
#305 = DIRECTION ( 'NONE',  ( 0.000000000000000000, 0.000000000000000000, -1.000000000000000000 ) ) ;
#306 = CARTESIAN_POINT ( 'NONE',  ( -8.300000000000002487, -34.69999999999998863, 0.1334025992670863914 ) ) ;
#307 = PERSON_AND_ORGANIZATION ( #103, #889 ) ;
#308 = DIRECTION ( 'NONE',  ( -1.000000000000000000, 0.000000000000000000, -1.047444401652939849E-14 ) ) ;
#309 = ADVANCED_FACE ( 'NONE', ( #878, #814 ), #854, .T. ) ;
#310 = FACE_OUTER_BOUND ( 'NONE', #1176, .T. ) ;
#311 = CARTESIAN_POINT ( 'NONE',  ( 4.029872225834591148, -30.77010871245738954, 2.964472213925914978 ) ) ;
#312 = CARTESIAN_POINT ( 'NONE',  ( -1.289642973332703724, -34.50239072784140859, 8.034860167429531685 ) ) ;
#313 = CARTESIAN_POINT ( 'NONE',  ( 0.000000000000000000, -27.12854048248103211, 0.000000000000000000 ) ) ;
#314 = CARTESIAN_POINT ( 'NONE',  ( -0.1330306079107939632, -34.69999999999998153, -8.300000000000004263 ) ) ;
#315 = ORIENTED_EDGE ( 'NONE', *, *, #765, .T. ) ;
#316 = EDGE_LOOP ( 'NONE', ( #1333 ) ) ;
#317 = CARTESIAN_POINT ( 'NONE',  ( 0.000000000000000000, 0.000000000000000000, 0.000000000000000000 ) ) ;
#318 = ORIENTED_EDGE ( 'NONE', *, *, #111, .T. ) ;
#319 = AXIS2_PLACEMENT_3D ( 'NONE', #66, #946, #423 ) ;
#320 = CARTESIAN_POINT ( 'NONE',  ( 4.364281142230670874, -31.16599689134911344, 3.071755461883008298 ) ) ;
#321 = ORIENTED_EDGE ( 'NONE', *, *, #1070, .F. ) ;
#322 = DIRECTION ( 'NONE',  ( 0.000000000000000000, 0.000000000000000000, -1.000000000000000000 ) ) ;
#323 = CARTESIAN_POINT ( 'NONE',  ( 8.299999999999998934, -34.69999999999998153, -8.806432146013509765E-14 ) ) ;
#324 = CARTESIAN_POINT ( 'NONE',  ( -4.942216899348728987, -37.06666666666664156, 3.143139542413581289 ) ) ;
#325 = FACE_BOUND ( 'NONE', #554, .T. ) ;
#326 = EDGE_CURVE ( 'NONE', #1302, #1143, #1034, .T. ) ;
#327 = CARTESIAN_POINT ( 'NONE',  ( 7.166831951270939527, -33.82444128616328527, -2.429909063345622400 ) ) ;
#328 = ADVANCED_FACE ( 'NONE', ( #153, #1102 ), #547, .F. ) ;
#329 = B_SPLINE_CURVE_WITH_KNOTS ( 'NONE', 3,
 ( #152, #161, #378, #714, #936, #719, #705, #57, #487, #499, #1259, #928, #42, #1151, #55, #167, #821, #608, #939, #171, #275, #1038, #1248, #605, #803, #265, #1169, #1064, #943, #1283, #412, #949, #731, #833, #1177, #826, #535, #513, #640, #183, #524, #726, #1277, #1381, #957, #851, #967, #1058, #635, #188, #280, #179, #961, #287, #1392, #408, #301, #629, #849, #1052, #78, #841, #420, #530, #645, #191, #1388, #83, #306, #1075 ),
 .UNSPECIFIED., .T., .F.,
 ( 4, 2, 2, 2, 2, 2, 2, 2, 2, 2, 2, 2, 2, 2, 2, 2, 2, 2, 2, 2, 2, 2, 2, 2, 2, 2, 2, 2, 2, 2, 2, 2, 2, 2, 4 ),
 ( 0.02264133033857124513, 0.02343218060438845979, 0.02422303087020567097, 0.02501388113602288563, 0.02580473140184010028, 0.02659558166765731493, 0.02738643193347452959, 0.02817728219929174077, 0.02896813246510895543, 0.03054983299674338126, 0.03134068326256059245, 0.03213153352837781057, 0.03292238379419502176, 0.03371323406001223988, 0.03450408432582945106, 0.03489950945873805666, 0.03529493459164666225, 0.03569035972455526090, 0.03608578485746386649, 0.03648120999037247209, 0.03687663512328107768, 0.03766748538909828192, 0.03845833565491549311, 0.03924918592073270429, 0.04004003618654990854, 0.04162173671818431703, 0.04241258698400152821, 0.04320343724981873940, 0.04399428751563595058, 0.04478513778145315483, 0.04557598804727036601, 0.04636683831308757719, 0.04715768857890478838, 0.04755311371181340091, 0.04794853884472200650 ),
 .UNSPECIFIED. ) ;
#330 = APPROVAL ( #264, '未指定' ) ;
#331 = DIRECTION ( 'NONE',  ( -0.000000000000000000, -1.000000000000000000, -0.000000000000000000 ) ) ;
#332 = VERTEX_POINT ( 'NONE', #923 ) ;
#333 = ORIENTED_EDGE ( 'NONE', *, *, #414, .T. ) ;
#334 = DIRECTION ( 'NONE',  ( 0.000000000000000000, -0.000000000000000000, 1.000000000000000000 ) ) ;
#335 = ORIENTED_EDGE ( 'NONE', *, *, #1035, .T. ) ;
#336 = DIRECTION ( 'NONE',  ( 0.000000000000000000, 0.000000000000000000, 1.000000000000000000 ) ) ;
#337 = CARTESIAN_POINT ( 'NONE',  ( -3.208834634294617683, -37.17166867715867795, -4.633577858372772695 ) ) ;
#338 = DIRECTION ( 'NONE',  ( -0.000000000000000000, 1.000000000000000000, 1.783247239190584574E-16 ) ) ;
#339 = B_SPLINE_CURVE_WITH_KNOTS ( 'NONE', 3,
 ( #1103, #1213, #886, #228 ),
 .UNSPECIFIED., .F., .F.,
 ( 4, 4 ),
 ( 5.304446430031425831E-07, 0.0001763226930842628571 ),
 .UNSPECIFIED. ) ;
#340 = CARTESIAN_POINT ( 'NONE',  ( 4.996775958792532890, -37.04429651181992256, -3.146746270777692533 ) ) ;
#341 = CARTESIAN_POINT ( 'NONE',  ( 5.465961596114115473, -32.32589030340310643, -3.158888998774376233 ) ) ;
#342 = TOROIDAL_SURFACE ( 'NONE', #436, 3.550000000000000266, 0.2999999999999999889 ) ;
#343 = TOROIDAL_SURFACE ( 'NONE', #16, 3.550000000000000266, 0.2999999999999999889 ) ;
#344 = CARTESIAN_POINT ( 'NONE',  ( -1.302051949039181533, -38.17275751683845897, -1.302051949039195300 ) ) ;
#345 = CARTESIAN_POINT ( 'NONE',  ( 3.143139542413556420, -37.06666666666666288, 4.942216899348616188 ) ) ;
#346 = EDGE_CURVE ( 'NONE', #743, #842, #115, .T. ) ;
#347 = CARTESIAN_POINT ( 'NONE',  ( -4.314468629742690631, -37.28468885086681439, 3.235191167840398396 ) ) ;
#348 = CIRCLE ( 'NONE', #295, 6.000000000000007105 ) ;
#349 = FACE_OUTER_BOUND ( 'NONE', #491, .T. ) ;
#350 = DIRECTION ( 'NONE',  ( -0.000000000000000000, -1.000000000000000000, -0.000000000000000000 ) ) ;
#351 = ORIENTED_EDGE ( 'NONE', *, *, #346, .T. ) ;
#352 = CARTESIAN_POINT ( 'NONE',  ( 3.145525583892806232, -31.75052576978738017, 4.903423010639991197 ) ) ;
#353 = EDGE_CURVE ( 'NONE', #697, #1240, #627, .T. ) ;
#354 = DIRECTION ( 'NONE',  ( 0.000000000000000000, 0.000000000000000000, -1.000000000000000000 ) ) ;
#355 = DIRECTION ( 'NONE',  ( -0.000000000000000000, -1.000000000000000000, -0.000000000000000000 ) ) ;
#356 = CARTESIAN_POINT ( 'NONE',  ( -0.7158221687399415334, -38.70063700840826471, 0.7158221687399334288 ) ) ;
#357 = CARTESIAN_POINT ( 'NONE',  ( 2.965398486687521373, -30.77354917264591094, 4.032776892853607187 ) ) ;
#358 = AXIS2_PLACEMENT_3D ( 'NONE', #1006, #29, #258 ) ;
#359 = COORDINATED_UNIVERSAL_TIME_OFFSET ( 8, 0, .AHEAD. ) ;
#360 = CARTESIAN_POINT ( 'NONE',  ( 0.000000000000000000, -4.327205953146759043, 5.535000000000000142 ) ) ;
#361 = CARTESIAN_POINT ( 'NONE',  ( 0.5303423269407684382, -38.89999999999999858, -0.5303423269407666618 ) ) ;
#362 = DIRECTION ( 'NONE',  ( 0.000000000000000000, 0.000000000000000000, -1.000000000000000000 ) ) ;
#363 = CONICAL_SURFACE ( 'NONE', #661, 1.899999999999999911, 0.6981317007977266842 ) ;
#364 = EDGE_CURVE ( 'NONE', #672, #672, #1173, .T. ) ;
#365 = PERSON_AND_ORGANIZATION_ROLE ( 'creator' ) ;
#366 = CARTESIAN_POINT ( 'NONE',  ( -3.143139542413555976, -37.06666666666666288, 4.942216899348614412 ) ) ;
#367 = AXIS2_PLACEMENT_3D ( 'NONE', #1396, #856, #1083 ) ;
#368 = CARTESIAN_POINT ( 'NONE',  ( 4.942216899348604642, -37.06666666666666288, 3.143139542413573295 ) ) ;
#369 = CARTESIAN_POINT ( 'NONE',  ( 0.8553399905407309545, -27.52644805585174126, 2.116279481341420965 ) ) ;
#370 = ORIENTED_EDGE ( 'NONE', *, *, #1098, .F. ) ;
#371 = CARTESIAN_POINT ( 'NONE',  ( 0.2660612158215860390, -34.69999999999998863, -8.300000000000002487 ) ) ;
#372 = ORIENTED_EDGE ( 'NONE', *, *, #203, .F. ) ;
#373 = SECURITY_CLASSIFICATION_LEVEL ( 'unclassified' ) ;
#374 = ORIENTED_EDGE ( 'NONE', *, *, #326, .F. ) ;
#375 = CARTESIAN_POINT ( 'NONE',  ( -2.867956245739901266, -37.69173873379206441, 2.867956245739870624 ) ) ;
#376 = ORIENTED_EDGE ( 'NONE', *, *, #175, .T. ) ;
#377 = CARTESIAN_POINT ( 'NONE',  ( 0.000000000000000000, 0.000000000000000000, 5.334999999999999964 ) ) ;
#378 = CARTESIAN_POINT ( 'NONE',  ( -8.264828561810455554, -34.67408109082381173, -0.5380882246252342016 ) ) ;
#379 = APPROVAL_PERSON_ORGANIZATION ( #872, #813, #475 ) ;
#380 = AXIS2_PLACEMENT_3D ( 'NONE', #240, #1228, #9 ) ;
#381 = FACE_OUTER_BOUND ( 'NONE', #569, .T. ) ;
#382 = CARTESIAN_POINT ( 'NONE',  ( 0.000000000000000000, -4.099999999999999645, 5.535000000000000142 ) ) ;
#383 = CARTESIAN_POINT ( 'NONE',  ( 0.7158221687399380917, -38.70063700840825760, -0.7158221687399356492 ) ) ;
#384 = CARTESIAN_POINT ( 'NONE',  ( 2.172390466270105680, -37.71753470962769228, 2.172390466270112785 ) ) ;
#385 = TOROIDAL_SURFACE ( 'NONE', #367, 10.05000000000000071, 0.2000000000000000111 ) ;
#386 = DIRECTION ( 'NONE',  ( 1.000000000000000000, 0.000000000000000000, 0.000000000000000000 ) ) ;
#387 = CARTESIAN_POINT ( 'NONE',  ( 2.867956245739915477, -37.69173873379204309, 2.867956245739926135 ) ) ;
#388 = FACE_OUTER_BOUND ( 'NONE', #230, .T. ) ;
#389 = ORIENTED_EDGE ( 'NONE', *, *, #346, .F. ) ;
#390 = DIRECTION ( 'NONE',  ( 0.000000000000000000, 0.000000000000000000, -1.000000000000000000 ) ) ;
#391 = ORIENTED_EDGE ( 'NONE', *, *, #23, .T. ) ;
#392 = CARTESIAN_POINT ( 'NONE',  ( 0.000000000000000000, -4.455763475084066449, 0.000000000000000000 ) ) ;
#393 = CARTESIAN_POINT ( 'NONE',  ( 3.888253587292846081E-16, -27.00000000000000000, -5.150000000000000355 ) ) ;
#394 = DIRECTION ( 'NONE',  ( 1.783247239190584574E-16, 1.000000000000000000, 1.867852337453239116E-30 ) ) ;
#395 = CARTESIAN_POINT ( 'NONE',  ( 2.077379481698206742, -28.94032937105049896, -2.775905948215038777 ) ) ;
#396 = AXIS2_PLACEMENT_3D ( 'NONE', #863, #331, #438 ) ;
#397 = CARTESIAN_POINT ( 'NONE',  ( -5.106796116504871641, -37.00000000000000000, -3.149703704231691326 ) ) ;
#398 = VERTEX_POINT ( 'NONE', #1115 ) ;
#399 = ADVANCED_FACE ( 'NONE', ( #1364, #596 ), #1170, .T. ) ;
#400 = DIRECTION ( 'NONE',  ( 0.000000000000000000, -1.000000000000000000, -0.000000000000000000 ) ) ;
#401 = FACE_OUTER_BOUND ( 'NONE', #1091, .T. ) ;
#402 = CARTESIAN_POINT ( 'NONE',  ( 0.5362982713604826923, -34.67424917857822919, -8.265057590024712297 ) ) ;
#403 = DIRECTION ( 'NONE',  ( -0.000000000000000000, -1.000000000000000000, -0.000000000000000000 ) ) ;
#404 = CARTESIAN_POINT ( 'NONE',  ( -3.243081118229175885, -37.69557197310299301, -3.132675995007712988 ) ) ;
#405 = CARTESIAN_POINT ( 'NONE',  ( -2.965591187027582620, -30.77433082705917400, -4.033449595386484177 ) ) ;
#406 = VERTEX_POINT ( 'NONE', #368 ) ;
#407 = DIRECTION ( 'NONE',  ( 0.000000000000000000, 0.000000000000000000, -1.000000000000000000 ) ) ;
#408 = CARTESIAN_POINT ( 'NONE',  ( -6.035148272305020711, -32.85472291774772202, 3.029488709500494981 ) ) ;
#409 = ORIENTED_EDGE ( 'NONE', *, *, #747, .F. ) ;
#410 = ORIENTED_EDGE ( 'NONE', *, *, #455, .T. ) ;
#411 = CARTESIAN_POINT ( 'NONE',  ( -2.792563213337850847, -33.37164956464089727, -6.622350798064394084 ) ) ;
#412 = CARTESIAN_POINT ( 'NONE',  ( -2.043966828385169521, -27.32373419956895688, -0.5391524429000589258 ) ) ;
#413 = ADVANCED_FACE ( 'NONE', ( #1416 ), #722, .T. ) ;
#414 = EDGE_CURVE ( 'NONE', #695, #1159, #216, .T. ) ;
#415 = CARTESIAN_POINT ( 'NONE',  ( -0.1364332453145245261, -27.19212563592322596, -2.000056462224759635 ) ) ;
#416 = APPROVAL_DATE_TIME ( #219, #330 ) ;
#417 = AXIS2_PLACEMENT_3D ( 'NONE', #712, #49, #498 ) ;
#418 = B_SPLINE_CURVE_WITH_KNOTS ( 'NONE', 3,
 ( #345, #112, #458, #677 ),
 .UNSPECIFIED., .F., .F.,
 ( 4, 4 ),
 ( 0.01030726800307817451, 0.01048289855522046773 ),
 .UNSPECIFIED. ) ;
#419 = TOROIDAL_SURFACE ( 'NONE', #749, 1.674999999999999600, 0.2000000000000000111 ) ;
#420 = CARTESIAN_POINT ( 'NONE',  ( -7.794444847610511928, -34.31926815420725063, 1.730342086001434465 ) ) ;
#421 = CARTESIAN_POINT ( 'NONE',  ( 0.000000000000000000, -37.00000000000000000, 0.000000000000000000 ) ) ;
#422 = ADVANCED_FACE ( 'NONE', ( #692, #834 ), #1236, .F. ) ;
#423 = DIRECTION ( 'NONE',  ( 0.000000000000000000, 0.000000000000000000, 1.000000000000000000 ) ) ;
#424 = ORIENTED_EDGE ( 'NONE', *, *, #1327, .T. ) ;
#425 = CARTESIAN_POINT ( 'NONE',  ( 3.136634550049885117, -29.54891745193680208, 2.446706614921982936 ) ) ;
#426 = ORIENTED_EDGE ( 'NONE', *, *, #1135, .F. ) ;
#427 = ORIENTED_EDGE ( 'NONE', *, *, #45, .T. ) ;
#428 = DIRECTION ( 'NONE',  ( -0.000000000000000000, -1.000000000000000000, -0.000000000000000000 ) ) ;
#429 = DIRECTION ( 'NONE',  ( 0.000000000000000000, 0.000000000000000000, -1.000000000000000000 ) ) ;
#430 = CARTESIAN_POINT ( 'NONE',  ( 5.087423942250529407, -31.94161793389028858, 3.155043776652324716 ) ) ;
#431 = DIRECTION ( 'NONE',  ( 0.000000000000000000, 1.000000000000000000, 0.000000000000000000 ) ) ;
#432 = DIRECTION ( 'NONE',  ( 0.000000000000000000, -1.000000000000000000, -0.000000000000000000 ) ) ;
#433 = CARTESIAN_POINT ( 'NONE',  ( 1.999910685534812993, -27.19167828175975288, 0.1316181443211207336 ) ) ;
#434 = CIRCLE ( 'NONE', #1377, 3.550000000000000266 ) ;
#435 = ADVANCED_FACE ( 'NONE', ( #292, #1379 ), #225, .T. ) ;
#436 = AXIS2_PLACEMENT_3D ( 'NONE', #1400, #884, #1406 ) ;
#437 = CARTESIAN_POINT ( 'NONE',  ( -2.726134701078230194, -30.15444995169801246, 3.562546908960499970 ) ) ;
#438 = DIRECTION ( 'NONE',  ( 0.000000000000000000, 0.000000000000000000, -1.000000000000000000 ) ) ;
#439 = CIRCLE ( 'NONE', #467, 3.150000000000000355 ) ;
#440 = CIRCLE ( 'NONE', #1361, 3.150000000000000355 ) ;
#441 = CARTESIAN_POINT ( 'NONE',  ( 3.208834634294619015, -37.17166867715869216, 4.633577858372765590 ) ) ;
#442 = CARTESIAN_POINT ( 'NONE',  ( -2.799650189973718284, -33.35993476590488171, 6.608654919803862882 ) ) ;
#443 = EDGE_LOOP ( 'NONE', ( #370 ) ) ;
#444 = ORIENTED_EDGE ( 'NONE', *, *, #1375, .T. ) ;
#445 = B_SPLINE_CURVE_WITH_KNOTS ( 'NONE', 3,
 ( #1233, #1017, #798, #701, #698, #38, #1132, #682 ),
 .UNSPECIFIED., .F., .F.,
 ( 4, 2, 2, 4 ),
 ( 0.0002124591235449877370, 0.001202790739545673421, 0.001697956547546012468, 0.002193122355546351515 ),
 .UNSPECIFIED. ) ;
#446 = DIRECTION ( 'NONE',  ( -0.000000000000000000, -1.000000000000000000, -0.000000000000000000 ) ) ;
#447 = CARTESIAN_POINT ( 'NONE',  ( 0.000000000000000000, -34.69999999999999574, 0.000000000000000000 ) ) ;
#448 = APPROVAL_DATE_TIME ( #925, #813 ) ;
#449 = CARTESIAN_POINT ( 'NONE',  ( -1.509525370474167127, -38.02019238339341456, -1.509525370474183115 ) ) ;
#450 = CARTESIAN_POINT ( 'NONE',  ( 7.653270918220473007, -34.21042812670228273, -1.926533842740866698 ) ) ;
#451 = CARTESIAN_POINT ( 'NONE',  ( -0.5303423269407605556, -38.89999999999999858, -0.5303423269407677720 ) ) ;
#452 = CARTESIAN_POINT ( 'NONE',  ( -0.5303423269407605556, -38.89999999999999858, -0.5303423269407677720 ) ) ;
#453 = EDGE_LOOP ( 'NONE', ( #190 ) ) ;
#454 = EDGE_LOOP ( 'NONE', ( #976 ) ) ;
#455 = EDGE_CURVE ( 'NONE', #882, #457, #440, .T. ) ;
#456 = CARTESIAN_POINT ( 'NONE',  ( 6.266505781462261080E-16, -34.69999999999999574, -8.300000000000006040 ) ) ;
#457 = VERTEX_POINT ( 'NONE', #397 ) ;
#458 = CARTESIAN_POINT ( 'NONE',  ( 3.148947072213219123, -37.02207802175421847, 5.051635180066328168 ) ) ;
#459 = DIRECTION ( 'NONE',  ( 0.000000000000000000, 0.000000000000000000, -1.000000000000000000 ) ) ;
#460 = CARTESIAN_POINT ( 'NONE',  ( 5.150000000000000355, -37.00000000000000000, -5.355456132639712751E-14 ) ) ;
#461 = CARTESIAN_POINT ( 'NONE',  ( -3.094464374970013143, -37.75717475989829808, 3.094464374969980724 ) ) ;
#462 = CARTESIAN_POINT ( 'NONE',  ( 3.114918129693014848, -32.50461942875549681, 5.658405107876461670 ) ) ;
#463 = VERTEX_POINT ( 'NONE', #1142 ) ;
#464 = CIRCLE ( 'NONE', #517, 1.899999999999999911 ) ;
#465 = DIRECTION ( 'NONE',  ( 0.000000000000000000, 1.000000000000000000, 0.000000000000000000 ) ) ;
#466 = DIRECTION ( 'NONE',  ( 0.000000000000000000, 1.000000000000000000, 0.000000000000000000 ) ) ;
#467 = AXIS2_PLACEMENT_3D ( 'NONE', #218, #428, #754 ) ;
#468 = CARTESIAN_POINT ( 'NONE',  ( 2.688661027245006441, -33.52680856630554018, 6.806037331984901684 ) ) ;
#469 = FACE_OUTER_BOUND ( 'NONE', #18, .T. ) ;
#470 = ORIENTED_EDGE ( 'NONE', *, *, #1098, .T. ) ;
#471 = DIRECTION ( 'NONE',  ( -0.000000000000000000, -1.000000000000000000, 1.783247239190584574E-16 ) ) ;
#472 = DIRECTION ( 'NONE',  ( -0.000000000000000000, -1.000000000000000000, -0.000000000000000000 ) ) ;
#473 = ORIENTED_EDGE ( 'NONE', *, *, #711, .T. ) ;
#474 = VERTEX_POINT ( 'NONE', #1160 ) ;
#475 = APPROVAL_ROLE ( '' ) ;
#476 = EDGE_LOOP ( 'NONE', ( #138 ) ) ;
#477 = DIRECTION ( 'NONE',  ( 0.000000000000000000, 1.000000000000000000, 0.000000000000000000 ) ) ;
#478 = CARTESIAN_POINT ( 'NONE',  ( 2.081909095069160553, -28.94736920838115424, 2.779890363719836888 ) ) ;
#479 = CC_DESIGN_PERSON_AND_ORGANIZATION_ASSIGNMENT ( #307, #485, ( #508 ) ) ;
#480 = CALENDAR_DATE ( 2026, 4, 7 ) ;
#481 = APPROVAL_STATUS ( 'not_yet_approved' ) ;
#482 = CARTESIAN_POINT ( 'NONE',  ( 0.5303423269407684382, -38.89999999999999858, -0.5303423269407666618 ) ) ;
#483 = CARTESIAN_POINT ( 'NONE',  ( -0.5303423269407717688, -38.89999999999999858, 0.5303423269407674390 ) ) ;
#484 = CARTESIAN_POINT ( 'NONE',  ( 1.924778207777975814, -34.21153852343156387, 7.654692809386781427 ) ) ;
#485 = PERSON_AND_ORGANIZATION_ROLE ( 'creator' ) ;
#486 = AXIS2_PLACEMENT_3D ( 'NONE', #160, #1373, #70 ) ;
#487 = CARTESIAN_POINT ( 'NONE',  ( -7.153488999579296070, -33.81358211322725538, -2.440611454354761012 ) ) ;
#488 = DIRECTION ( 'NONE',  ( -0.000000000000000000, -1.000000000000000000, -0.000000000000000000 ) ) ;
#489 = EDGE_LOOP ( 'NONE', ( #1178 ) ) ;
#490 = CARTESIAN_POINT ( 'NONE',  ( -3.094464374970035347, -37.75717475989826966, -3.094464374970069986 ) ) ;
#491 = EDGE_LOOP ( 'NONE', ( #321 ) ) ;
#492 = CARTESIAN_POINT ( 'NONE',  ( 0.5303423269407648855, -38.89999999999999858, 0.5303423269407657736 ) ) ;
#493 = EDGE_CURVE ( 'NONE', #820, #820, #329, .T. ) ;
#494 = DIRECTION ( 'NONE',  ( 1.783247239190584574E-16, -1.000000000000000000, 6.226174458177463719E-31 ) ) ;
#495 = CARTESIAN_POINT ( 'NONE',  ( 2.635543176080137329, -37.66422899266133584, 2.635543176080146655 ) ) ;
#496 = CARTESIAN_POINT ( 'NONE',  ( 3.028760433046363332, -32.85715267243694626, -6.037806285984713917 ) ) ;
#497 = CIRCLE ( 'NONE', #927, 8.300000000000006040 ) ;
#498 = DIRECTION ( 'NONE',  ( 0.000000000000000000, -0.000000000000000000, 1.000000000000000000 ) ) ;
#499 = CARTESIAN_POINT ( 'NONE',  ( -6.796130141278291070, -33.51848205258777114, -2.694588651452759276 ) ) ;
#500 = CONICAL_SURFACE ( 'NONE', #241, 1.925436851031889995, 1.134464013796310233 ) ;
#501 = PLANE ( 'NONE',  #148 ) ;
#502 = EDGE_CURVE ( 'NONE', #279, #665, #439, .T. ) ;
#503 = FACE_OUTER_BOUND ( 'NONE', #954, .T. ) ;
#504 = CARTESIAN_POINT ( 'NONE',  ( 3.071324963010516385, -31.16249739627956927, -4.361047483937195324 ) ) ;
#505 = ADVANCED_FACE ( 'NONE', ( #564, #660 ), #1204, .F. ) ;
#506 = CARTESIAN_POINT ( 'NONE',  ( 0.000000000000000000, -34.69999999999999574, 0.000000000000000000 ) ) ;
#507 = CARTESIAN_POINT ( 'NONE',  ( 0.000000000000000000, -36.79999999999999716, 0.000000000000000000 ) ) ;
#508 = PRODUCT_DEFINITION ( '未知', '', #867, #30 ) ;
#509 = ORIENTED_EDGE ( 'NONE', *, *, #1024, .F. ) ;
#510 = CARTESIAN_POINT ( 'NONE',  ( 0.1338134452609511527, -27.19178076897812701, -1.999944082485765717 ) ) ;
#511 = EDGE_LOOP ( 'NONE', ( #470 ) ) ;
#512 = DIRECTION ( 'NONE',  ( -0.000000000000000000, -1.000000000000000000, -0.000000000000000000 ) ) ;
#513 = CARTESIAN_POINT ( 'NONE',  ( -2.111116375349634922, -27.51248921372386036, 0.8369135248174792707 ) ) ;
#514 = ORIENTED_EDGE ( 'NONE', *, *, #1249, .F. ) ;
#515 = EDGE_CURVE ( 'NONE', #180, #180, #76, .T. ) ;
#516 = CARTESIAN_POINT ( 'NONE',  ( -1.239775749375399583, -27.87209060075213785, -2.252660845253389166 ) ) ;
#517 = AXIS2_PLACEMENT_3D ( 'NONE', #10, #466, #234 ) ;
#518 = VERTEX_POINT ( 'NONE', #1036 ) ;
#519 = CARTESIAN_POINT ( 'NONE',  ( -4.323556319596286279, -37.28138382121478145, -3.234979182346692461 ) ) ;
#520 = CIRCLE ( 'NONE', #186, 8.300000000000006040 ) ;
#521 = CARTESIAN_POINT ( 'NONE',  ( -0.2696973816417977954, -27.21989227042351089, -2.009004513390388880 ) ) ;
#522 = ADVANCED_FACE ( 'NONE', ( #469, #28 ), #1299, .T. ) ;
#523 = CARTESIAN_POINT ( 'NONE',  ( 0.000000000000000000, -37.00000000000000000, 0.000000000000000000 ) ) ;
#524 = CARTESIAN_POINT ( 'NONE',  ( -2.246521712928327030, -27.85739014707482042, 1.225351562644489078 ) ) ;
#525 = CARTESIAN_POINT ( 'NONE',  ( 0.000000000000000000, -3.600000000000000089, 0.000000000000000000 ) ) ;
#526 = FACE_OUTER_BOUND ( 'NONE', #511, .T. ) ;
#527 = AXIS2_PLACEMENT_3D ( 'NONE', #917, #902, #17 ) ;
#528 = ORIENTED_EDGE ( 'NONE', *, *, #1070, .T. ) ;
#529 = CARTESIAN_POINT ( 'NONE',  ( 0.000000000000000000, -34.69999999999999574, 0.000000000000000000 ) ) ;
#530 = CARTESIAN_POINT ( 'NONE',  ( -8.037777040860506261, -34.50460027457708634, 1.283711824717878480 ) ) ;
#531 = EDGE_LOOP ( 'NONE', ( #1108 ) ) ;
#532 = ORIENTED_EDGE ( 'NONE', *, *, #765, .F. ) ;
#533 = ORIENTED_EDGE ( 'NONE', *, *, #5, .T. ) ;
#534 = DIRECTION ( 'NONE',  ( 0.000000000000000000, 0.000000000000000000, 1.000000000000000000 ) ) ;
#535 = CARTESIAN_POINT ( 'NONE',  ( -2.059013415686380633, -27.36767314833412001, 0.6172842682134206393 ) ) ;
#536 = CARTESIAN_POINT ( 'NONE',  ( -3.700384530328704624, -37.51474043643909084, -3.207285416862097893 ) ) ;
#537 = CARTESIAN_POINT ( 'NONE',  ( 2.061708750150502034, -27.37538527265492050, 0.6305447125757492888 ) ) ;
#538 = PERSON_AND_ORGANIZATION ( #103, #889 ) ;
#539 = ADVANCED_FACE ( 'NONE', ( #503 ), #65, .F. ) ;
#540 = B_SPLINE_CURVE_WITH_KNOTS ( 'NONE', 3,
 ( #1202, #340, #121, #233 ),
 .UNSPECIFIED., .F., .F.,
 ( 4, 4 ),
 ( 0.01030726800307795073, 0.01048289855522046947 ),
 .UNSPECIFIED. ) ;
#541 = CONICAL_SURFACE ( 'NONE', #905, 2.850000000000000089, 0.6857295109062858662 ) ;
#542 = CC_DESIGN_APPROVAL ( #813, ( #1304 ) ) ;
#543 = DIRECTION ( 'NONE',  ( -0.000000000000000000, -1.000000000000000000, -0.000000000000000000 ) ) ;
#544 = CARTESIAN_POINT ( 'NONE',  ( -2.695238524304335748, -33.51806699929758082, 6.795585755929221428 ) ) ;
#545 = FACE_OUTER_BOUND ( 'NONE', #918, .T. ) ;
#546 = CARTESIAN_POINT ( 'NONE',  ( 2.462226468462497930, -28.34155334650910518, 1.652344564322631326 ) ) ;
#547 = CYLINDRICAL_SURFACE ( 'NONE', #1026, 3.150000000000000355 ) ;
#548 = CARTESIAN_POINT ( 'NONE',  ( -1.730534448233493894, -34.31893319250361429, 7.794021124682084078 ) ) ;
#549 = ADVANCED_FACE ( 'NONE', ( #136 ), #1234, .T. ) ;
#550 = AXIS2_PLACEMENT_3D ( 'NONE', #667, #972, #979 ) ;
#551 = ORIENTED_EDGE ( 'NONE', *, *, #1148, .F. ) ;
#552 = ORIENTED_EDGE ( 'NONE', *, *, #1310, .F. ) ;
#553 = CARTESIAN_POINT ( 'NONE',  ( -2.074425004161354558, -28.93576416950413233, 2.773334460536978074 ) ) ;
#554 = EDGE_LOOP ( 'NONE', ( #1324, #1405, #903, #424 ) ) ;
#555 = CARTESIAN_POINT ( 'NONE',  ( -3.149703704231708645, -37.00000000000000000, 5.106796116504860983 ) ) ;
#556 = CARTESIAN_POINT ( 'NONE',  ( 2.009101571225199390, -27.22017960344432197, -0.2704022071242149772 ) ) ;
#557 = EDGE_CURVE ( 'NONE', #1180, #1386, #879, .T. ) ;
#558 = CIRCLE ( 'NONE', #1293, 10.05000000000000071 ) ;
#559 = B_SPLINE_CURVE_WITH_KNOTS ( 'NONE', 3,
 ( #881, #1, #1212, #566 ),
 .UNSPECIFIED., .F., .F.,
 ( 4, 4 ),
 ( 0.01030726800307829767, 0.01048289855522047120 ),
 .UNSPECIFIED. ) ;
#560 = CC_DESIGN_APPROVAL ( #330, ( #508 ) ) ;
#561 = CARTESIAN_POINT ( 'NONE',  ( 3.207192829853289684, -37.51506229761984912, 3.699550011623955026 ) ) ;
#562 = CARTESIAN_POINT ( 'NONE',  ( -1.152003476018671035, -27.77781227778333317, 2.212005791280648115 ) ) ;
#563 = DIRECTION ( 'NONE',  ( 0.000000000000000000, 0.000000000000000000, -1.000000000000000000 ) ) ;
#564 = FACE_OUTER_BOUND ( 'NONE', #1352, .T. ) ;
#565 = CARTESIAN_POINT ( 'NONE',  ( 2.142503581350358122, -27.59899792864291967, -0.9629999581670146691 ) ) ;
#566 = CARTESIAN_POINT ( 'NONE',  ( -5.106796116504851213, -37.00000000000000000, 3.149703704231725077 ) ) ;
#567 = ORIENTED_EDGE ( 'NONE', *, *, #1241, .F. ) ;
#568 = CARTESIAN_POINT ( 'NONE',  ( -3.094464374970035347, -37.75717475989826966, -3.094464374970069986 ) ) ;
#569 = EDGE_LOOP ( 'NONE', ( #1419 ) ) ;
#570 = AXIS2_PLACEMENT_3D ( 'NONE', #317, #759, #746 ) ;
#571 = CLOSED_SHELL ( 'NONE', ( #413, #165, #638, #670, #838, #11, #1049, #721, #309, #973, #1054, #270, #290, #965, #1183, #195, #549, #737, #399, #422, #646, #505, #328, #435, #729, #1156, #63, #1378, #853, #73, #1286, #522, #1278, #1111, #1069, #958, #539, #1214, #622 ) ) ;
#572 = PRODUCT ( 'BUQD0094-ACC UQD08 母頭閥芯 ocp2.0  2.62密封圈', 'BUQD0094-ACC UQD08 母頭閥芯 ocp2.0  2.62密封圈', '', ( #139 ) ) ;
#573 = CARTESIAN_POINT ( 'NONE',  ( -2.637974592771077376, -37.65049633957163877, -2.637974592771105353 ) ) ;
#574 = DIRECTION ( 'NONE',  ( -0.000000000000000000, -1.000000000000000000, -0.000000000000000000 ) ) ;
#575 = CARTESIAN_POINT ( 'NONE',  ( 3.139700250450026431, -29.55365103087297385, -2.449223973467049120 ) ) ;
#576 = CALENDAR_DATE ( 2026, 4, 7 ) ;
#577 = CIRCLE ( 'NONE', #1093, 3.150000000000000355 ) ;
#578 = CARTESIAN_POINT ( 'NONE',  ( -3.221009132654702789, -37.45538081480986392, -3.856008333749800343 ) ) ;
#579 = EDGE_CURVE ( 'NONE', #715, #715, #205, .T. ) ;
#580 = CARTESIAN_POINT ( 'NONE',  ( -4.942216899348728987, -37.06666666666664156, 3.143139542413581289 ) ) ;
#581 = FACE_OUTER_BOUND ( 'NONE', #1126, .T. ) ;
#582 = CARTESIAN_POINT ( 'NONE',  ( -0.5160525211282160907, -27.31215547492142548, 2.040009520121501385 ) ) ;
#583 = EDGE_LOOP ( 'NONE', ( #937 ) ) ;
#584 = EDGE_CURVE ( 'NONE', #96, #96, #169, .T. ) ;
#585 = CARTESIAN_POINT ( 'NONE',  ( -2.169765367696748104, -37.70416208231505806, -2.169765367696770308 ) ) ;
#586 = DIRECTION ( 'NONE',  ( -0.000000000000000000, -1.000000000000000000, -0.000000000000000000 ) ) ;
#587 = CC_DESIGN_DATE_AND_TIME_ASSIGNMENT ( #671, #1131, ( #1304 ) ) ;
#588 = ORIENTED_EDGE ( 'NONE', *, *, #282, .T. ) ;
#589 = CARTESIAN_POINT ( 'NONE',  ( 2.982096256382500421, -37.71876648766080820, -2.982096256382488875 ) ) ;
#590 = CARTESIAN_POINT ( 'NONE',  ( 0.000000000000000000, -9.238519585932479572, 0.000000000000000000 ) ) ;
#591 = COORDINATED_UNIVERSAL_TIME_OFFSET ( 8, 0, .AHEAD. ) ;
#592 = EDGE_CURVE ( 'NONE', #794, #794, #1085, .T. ) ;
#593 = CIRCLE ( 'NONE', #637, 5.334999999999999964 ) ;
#594 = CARTESIAN_POINT ( 'NONE',  ( 0.000000000000000000, -3.899999999999999911, 3.550000000000000266 ) ) ;
#595 = AXIS2_PLACEMENT_3D ( 'NONE', #590, #477, #793 ) ;
#596 = FACE_OUTER_BOUND ( 'NONE', #950, .T. ) ;
#597 = ORIENTED_EDGE ( 'NONE', *, *, #23, .F. ) ;
#598 =( NAMED_UNIT ( * ) PLANE_ANGLE_UNIT ( ) SI_UNIT ( $, .RADIAN. ) );
#599 = CARTESIAN_POINT ( 'NONE',  ( 2.172390466270106124, -37.71753470962770649, -2.172390466270098575 ) ) ;
#600 = DIRECTION ( 'NONE',  ( 0.000000000000000000, 0.000000000000000000, -1.000000000000000000 ) ) ;
#601 = ORIENTED_EDGE ( 'NONE', *, *, #1043, .F. ) ;
#602 = CARTESIAN_POINT ( 'NONE',  ( -0.9614401212544935182, -27.59740345039916321, 2.141884499574033374 ) ) ;
#603 = ORIENTED_EDGE ( 'NONE', *, *, #1230, .T. ) ;
#604 = PERSON_AND_ORGANIZATION_ROLE ( 'design_supplier' ) ;
#605 = CARTESIAN_POINT ( 'NONE',  ( -2.783457980537743293, -28.95363488350288605, -2.085911090450068617 ) ) ;
#606 = PERSON_AND_ORGANIZATION ( #103, #889 ) ;
#607 = DIRECTION ( 'NONE',  ( 0.000000000000000000, 0.000000000000000000, 1.000000000000000000 ) ) ;
#608 = CARTESIAN_POINT ( 'NONE',  ( -4.365367907952741433, -31.16731903732199882, -3.072173778422035095 ) ) ;
#609 = FACE_OUTER_BOUND ( 'NONE', #755, .T. ) ;
#610 = FACE_BOUND ( 'NONE', #987, .T. ) ;
#611 = DIRECTION ( 'NONE',  ( -0.000000000000000000, -1.000000000000000000, -0.000000000000000000 ) ) ;
#612 = DIRECTION ( 'NONE',  ( 0.000000000000000000, 0.000000000000000000, -1.000000000000000000 ) ) ;
#613 = CC_DESIGN_PERSON_AND_ORGANIZATION_ASSIGNMENT ( #1199, #365, ( #867 ) ) ;
#614 = CARTESIAN_POINT ( 'NONE',  ( -2.438183954437366463, -29.55397464566112120, -3.148234138924828063 ) ) ;
#615 = CIRCLE ( 'NONE', #74, 10.25000000000000000 ) ;
#616 = ORIENTED_EDGE ( 'NONE', *, *, #1310, .T. ) ;
#617 = CARTESIAN_POINT ( 'NONE',  ( 0.9632016001662693228, -27.59885658970294742, -2.142430619413027593 ) ) ;
#618 = AXIS2_PLACEMENT_3D ( 'NONE', #447, #432, #563 ) ;
#619 = CARTESIAN_POINT ( 'NONE',  ( -5.150000000000000355, -37.00000000000000000, 1.759230353631285395E-14 ) ) ;
#620 = CARTESIAN_POINT ( 'NONE',  ( 3.170343566355203091, -31.94599047319850982, -5.083631541500864159 ) ) ;
#621 = LOCAL_TIME ( 10, 47, 38.00000000000000000, #1245 ) ;
#622 = ADVANCED_FACE ( 'NONE', ( #1189, #1263 ), #343, .F. ) ;
#623 = DIRECTION ( 'NONE',  ( 0.000000000000000000, 0.000000000000000000, 1.000000000000000000 ) ) ;
#624 = CARTESIAN_POINT ( 'NONE',  ( -5.150000000000000355, -38.89999999999999858, -5.394338668512641349E-14 ) ) ;
#625 = AXIS2_PLACEMENT_3D ( 'NONE', #648, #975, #1072 ) ;
#626 = CARTESIAN_POINT ( 'NONE',  ( -3.072696064022821805, -31.16961739197929404, -4.367365336462983194 ) ) ;
#627 = CIRCLE ( 'NONE', #1337, 6.000000000000007105 ) ;
#628 = DIRECTION ( 'NONE',  ( 0.000000000000000000, -1.000000000000000000, -1.783247239190584574E-16 ) ) ;
#629 = CARTESIAN_POINT ( 'NONE',  ( -6.613734683388425850, -33.36432079471401124, 2.797210626280531187 ) ) ;
#630 = CARTESIAN_POINT ( 'NONE',  ( 1.043848424316322632, -34.57627200944784107, 8.133560616227656581 ) ) ;
#631 = ORIENTED_EDGE ( 'NONE', *, *, #657, .T. ) ;
#632 = CARTESIAN_POINT ( 'NONE',  ( -2.687157433482951774, -33.52881797726503521, -6.808438812163606357 ) ) ;
#633 = ORIENTED_EDGE ( 'NONE', *, *, #353, .F. ) ;
#634 = EDGE_LOOP ( 'NONE', ( #124 ) ) ;
#635 = CARTESIAN_POINT ( 'NONE',  ( -3.561067225132394487, -30.15251855903545319, 2.725405835762171769 ) ) ;
#636 = CARTESIAN_POINT ( 'NONE',  ( 6.230209528423451992, -33.03589213046488737, 2.984948165472048665 ) ) ;
#637 = AXIS2_PLACEMENT_3D ( 'NONE', #848, #431, #534 ) ;
#638 = ADVANCED_FACE ( 'NONE', ( #27 ), #500, .T. ) ;
#639 = DIRECTION ( 'NONE',  ( 0.000000000000000000, 0.000000000000000000, -1.000000000000000000 ) ) ;
#640 = CARTESIAN_POINT ( 'NONE',  ( -2.141905961877129894, -27.59491913646305150, 0.9404295979611462242 ) ) ;
#641 = CARTESIAN_POINT ( 'NONE',  ( 0.000000000000000000, -38.89999999999999858, 0.000000000000000000 ) ) ;
#642 = FACE_OUTER_BOUND ( 'NONE', #634, .T. ) ;
#643 = CARTESIAN_POINT ( 'NONE',  ( 5.655665977702360792, -32.50201150699255948, 3.115344116298710553 ) ) ;
#644 = FACE_OUTER_BOUND ( 'NONE', #261, .T. ) ;
#645 = CARTESIAN_POINT ( 'NONE',  ( -8.132980261389981536, -34.57583799612072539, 1.045522214957186113 ) ) ;
#646 = ADVANCED_FACE ( 'NONE', ( #202, #1297 ), #1114, .F. ) ;
#647 = EDGE_CURVE ( 'NONE', #684, #684, #1047, .T. ) ;
#648 = CARTESIAN_POINT ( 'NONE',  ( 0.000000000000000000, -20.46258096213785294, 0.000000000000000000 ) ) ;
#649 = FACE_OUTER_BOUND ( 'NONE', #294, .T. ) ;
#650 = TOROIDAL_SURFACE ( 'NONE', #625, 1.699999999999999956, 0.2000000000000000111 ) ;
#651 = DIRECTION ( 'NONE',  ( 0.000000000000000000, 0.000000000000000000, -1.000000000000000000 ) ) ;
#652 = EDGE_LOOP ( 'NONE', ( #1269 ) ) ;
#653 = EDGE_LOOP ( 'NONE', ( #603, #616, #921, #1053 ) ) ;
#654 = CARTESIAN_POINT ( 'NONE',  ( 2.370910686911265497, -28.14636044454413266, 1.495199510791934472 ) ) ;
#655 = CARTESIAN_POINT ( 'NONE',  ( -2.284017543708290354, -33.95722542470861782, 7.332165719532187431 ) ) ;
#656 = PLANE ( 'NONE',  #1074 ) ;
#657 = EDGE_CURVE ( 'NONE', #1159, #842, #673, .T. ) ;
#658 = CARTESIAN_POINT ( 'NONE',  ( 2.777258709731341035, -28.94273300780360714, 2.078936553407300547 ) ) ;
#659 = FACE_OUTER_BOUND ( 'NONE', #1354, .T. ) ;
#660 = FACE_OUTER_BOUND ( 'NONE', #476, .T. ) ;
#661 = AXIS2_PLACEMENT_3D ( 'NONE', #681, #586, #229 ) ;
#662 = CARTESIAN_POINT ( 'NONE',  ( 6.804997874373220235, -33.52595455044691874, -2.689433251006002390 ) ) ;
#663 = ORIENTED_EDGE ( 'NONE', *, *, #1230, .F. ) ;
#664 = PLANE ( 'NONE',  #1266 ) ;
#665 = VERTEX_POINT ( 'NONE', #555 ) ;
#666 = CARTESIAN_POINT ( 'NONE',  ( -2.436428150117747382, -33.81809803766160627, 7.159000013022688513 ) ) ;
#667 = CARTESIAN_POINT ( 'NONE',  ( 0.000000000000000000, -20.46258096213785294, 0.000000000000000000 ) ) ;
#668 = FACE_OUTER_BOUND ( 'NONE', #1356, .T. ) ;
#669 = CARTESIAN_POINT ( 'NONE',  ( 0.000000000000000000, -18.87556217890663390, 0.000000000000000000 ) ) ;
#670 = ADVANCED_FACE ( 'NONE', ( #1315, #325 ), #1203, .F. ) ;
#671 = DATE_AND_TIME ( #962, #621 ) ;
#672 = VERTEX_POINT ( 'NONE', #24 ) ;
#673 = CIRCLE ( 'NONE', #285, 4.649999999999999467 ) ;
#674 = DIRECTION ( 'NONE',  ( 0.000000000000000000, 0.000000000000000000, -1.000000000000000000 ) ) ;
#675 = EDGE_CURVE ( 'NONE', #995, #995, #1331, .T. ) ;
#676 = CARTESIAN_POINT ( 'NONE',  ( 4.323153596342529603, -37.28152625235065187, -3.235013967532644585 ) ) ;
#677 = CARTESIAN_POINT ( 'NONE',  ( 3.149703704231707757, -37.00000000000000000, 5.106796116504862759 ) ) ;
#678 = EDGE_LOOP ( 'NONE', ( #1224 ) ) ;
#679 = EDGE_LOOP ( 'NONE', ( #391 ) ) ;
#680 = CARTESIAN_POINT ( 'NONE',  ( -0.9059277848824240920, -38.51238802939607808, -0.9059277848824333068 ) ) ;
#681 = CARTESIAN_POINT ( 'NONE',  ( 0.000000000000000000, -27.07277700739696513, 0.000000000000000000 ) ) ;
#682 = CARTESIAN_POINT ( 'NONE',  ( 3.094464374970029574, -37.75717475989827676, 3.094464374970040677 ) ) ;
#683 = CARTESIAN_POINT ( 'NONE',  ( -0.1321516911315598897, -27.19162742052219173, 1.999894111638310878 ) ) ;
#684 = VERTEX_POINT ( 'NONE', #910 ) ;
#685 = DIRECTION ( 'NONE',  ( -0.000000000000000000, -1.000000000000000000, -0.000000000000000000 ) ) ;
#686 = AXIS2_PLACEMENT_3D ( 'NONE', #1179, #1326, #776 ) ;
#687 = CARTESIAN_POINT ( 'NONE',  ( -3.143139542413555976, -37.06666666666666288, 4.942216899348614412 ) ) ;
#688 = TOROIDAL_SURFACE ( 'NONE', #877, 5.334999999999999964, 0.2000000000000000111 ) ;
#689 = CARTESIAN_POINT ( 'NONE',  ( 1.240208080293475845, -27.87253921713151072, 2.252850265921274353 ) ) ;
#690 = CARTESIAN_POINT ( 'NONE',  ( 0.000000000000000000, -0.2000000000000000111, 5.535000000000000142 ) ) ;
#691 = CARTESIAN_POINT ( 'NONE',  ( -1.946994946123556725, -37.79398389649976053, 1.946994946123536963 ) ) ;
#692 = FACE_OUTER_BOUND ( 'NONE', #91, .T. ) ;
#693 = CARTESIAN_POINT ( 'NONE',  ( -0.2661997030216763926, -27.21908574648671220, 2.008744087533004041 ) ) ;
#694 = ORIENTED_EDGE ( 'NONE', *, *, #213, .T. ) ;
#695 = VERTEX_POINT ( 'NONE', #1198 ) ;
#696 = AXIS2_PLACEMENT_3D ( 'NONE', #1404, #964, #858 ) ;
#697 = VERTEX_POINT ( 'NONE', #1311 ) ;
#698 = CARTESIAN_POINT ( 'NONE',  ( 3.700384530328710841, -37.51474043643909795, 3.207285416862070360 ) ) ;
#699 = APPLICATION_PROTOCOL_DEFINITION ( 'international standard', 'config_control_design', 1994, #250 ) ;
#700 = DIRECTION ( 'NONE',  ( 0.000000000000000000, 0.000000000000000000, 1.000000000000000000 ) ) ;
#701 = CARTESIAN_POINT ( 'NONE',  ( 3.856718849643650415, -37.45511267346279993, 3.221053794404506565 ) ) ;
#702 =( LENGTH_UNIT ( ) NAMED_UNIT ( * ) SI_UNIT ( .MILLI., .METRE. ) );
#703 = CARTESIAN_POINT ( 'NONE',  ( 1.946994946123563830, -37.79398389649975343, -1.946994946123557391 ) ) ;
#704 = AXIS2_PLACEMENT_3D ( 'NONE', #736, #1184, #196 ) ;
#705 = CARTESIAN_POINT ( 'NONE',  ( -7.647380229993520295, -34.20587508961693857, -1.934547451602108170 ) ) ;
#706 = DIRECTION ( 'NONE',  ( 0.000000000000000000, 0.000000000000000000, -1.000000000000000000 ) ) ;
#707 = DIRECTION ( 'NONE',  ( 0.000000000000000000, 0.000000000000000000, -1.000000000000000000 ) ) ;
#708 = ORIENTED_EDGE ( 'NONE', *, *, #584, .T. ) ;
#709 = VERTEX_POINT ( 'NONE', #324 ) ;
#710 = ORIENTED_EDGE ( 'NONE', *, *, #557, .T. ) ;
#711 = EDGE_CURVE ( 'NONE', #463, #463, #812, .T. ) ;
#712 = CARTESIAN_POINT ( 'NONE',  ( 7.401992950010446553E-16, -3.899999999999999911, 0.000000000000000000 ) ) ;
#713 = CARTESIAN_POINT ( 'NONE',  ( -3.155135019959861342, -31.94783591895824415, -5.093504690937293411 ) ) ;
#714 = CARTESIAN_POINT ( 'NONE',  ( -8.132438769431582060, -34.57543353930111607, -1.047260661698858453 ) ) ;
#715 = VERTEX_POINT ( 'NONE', #149 ) ;
#716 = AXIS2_PLACEMENT_3D ( 'NONE', #1055, #830, #185 ) ;
#717 = CARTESIAN_POINT ( 'NONE',  ( 2.797338890229191133, -33.36369694094925364, -6.613061538739261280 ) ) ;
#718 = DIRECTION ( 'NONE',  ( 0.000000000000000000, 0.000000000000000000, -1.000000000000000000 ) ) ;
#719 = CARTESIAN_POINT ( 'NONE',  ( -7.792153361533948441, -34.31750009074308849, -1.733461688060555561 ) ) ;
#720 = AXIS2_PLACEMENT_3D ( 'NONE', #118, #897, #1011 ) ;
#721 = ADVANCED_FACE ( 'NONE', ( #997, #545 ), #60, .T. ) ;
#722 = CONICAL_SURFACE ( 'NONE', #113, 1.925436851031889995, 1.134464013796310233 ) ;
#723 = CARTESIAN_POINT ( 'NONE',  ( 1.500509819847599458, -28.15259260680078413, -2.373732732932739342 ) ) ;
#724 = EDGE_LOOP ( 'NONE', ( #1319 ) ) ;
#725 = EDGE_LOOP ( 'NONE', ( #1402, #159, #315, #105, #822, #1209 ) ) ;
#726 = CARTESIAN_POINT ( 'NONE',  ( -2.366231336959071729, -28.13608236576934729, 1.486547171454372096 ) ) ;
#727 = CARTESIAN_POINT ( 'NONE',  ( -3.114519877962627081, -32.50704584342674508, -5.660954308166433080 ) ) ;
#728 = AXIS2_PLACEMENT_3D ( 'NONE', #313, #871, #1412 ) ;
#729 = ADVANCED_FACE ( 'NONE', ( #1359, #644 ), #385, .T. ) ;
#730 = B_SPLINE_CURVE_WITH_KNOTS ( 'NONE', 3,
 ( #366, #1247, #791, #1016, #41, #255, #1137, #1336 ),
 .UNSPECIFIED., .F., .F.,
 ( 4, 2, 2, 4 ),
 ( 0.0002124591235449886314, 0.001202790739545703778, 0.001697956547546061257, 0.002193122355546419169 ),
 .UNSPECIFIED. ) ;
#731 = CARTESIAN_POINT ( 'NONE',  ( -2.001060004599707121, -27.19520493742408362, -0.1572760934601549754 ) ) ;
#732 = DIRECTION ( 'NONE',  ( -0.000000000000000000, -1.000000000000000000, -0.000000000000000000 ) ) ;
#733 = CARTESIAN_POINT ( 'NONE',  ( -1.280027458036273824, -34.50570777772708198, -8.039257456260848755 ) ) ;
#734 = VERTEX_POINT ( 'NONE', #1334 ) ;
#735 = CIRCLE ( 'NONE', #1235, 3.149999999999999911 ) ;
#736 = CARTESIAN_POINT ( 'NONE',  ( 0.000000000000000000, -34.69999999999999574, 0.000000000000000000 ) ) ;
#737 = ADVANCED_FACE ( 'NONE', ( #944, #610 ), #656, .T. ) ;
#738 = EDGE_CURVE ( 'NONE', #929, #929, #464, .T. ) ;
#739 = CARTESIAN_POINT ( 'NONE',  ( 2.666122685981374918, -28.74108047259642618, 1.945436353362327342 ) ) ;
#740 = B_SPLINE_CURVE_WITH_KNOTS ( 'NONE', 3,
 ( #767, #222, #1122, #892, #578, #119, #337, #773 ),
 .UNSPECIFIED., .F., .F.,
 ( 4, 2, 2, 4 ),
 ( 0.002890166222482691994, 0.003383512552618362507, 0.003876858882754032586, 0.004863551543025376213 ),
 .UNSPECIFIED. ) ;
#741 = CARTESIAN_POINT ( 'NONE',  ( 3.234979182346647164, -37.28138382121478145, -4.323556319596298714 ) ) ;
#742 = DIRECTION ( 'NONE',  ( 0.000000000000000000, 0.000000000000000000, 1.000000000000000000 ) ) ;
#743 = VERTEX_POINT ( 'NONE', #1219 ) ;
#744 = EDGE_LOOP ( 'NONE', ( #588, #333, #210, #971, #444, #1040 ) ) ;
#745 = ORIENTED_EDGE ( 'NONE', *, *, #1390, .T. ) ;
#746 = DIRECTION ( 'NONE',  ( 0.000000000000000000, 0.000000000000000000, -1.000000000000000000 ) ) ;
#747 = EDGE_CURVE ( 'NONE', #1343, #1343, #1013, .T. ) ;
#748 = DIRECTION ( 'NONE',  ( 0.000000000000000000, 0.000000000000000000, -1.000000000000000000 ) ) ;
#749 = AXIS2_PLACEMENT_3D ( 'NONE', #1320, #775, #459 ) ;
#750 = CARTESIAN_POINT ( 'NONE',  ( 2.039646329594442697, -27.31108239355701883, 0.5135218907935167332 ) ) ;
#751 = CARTESIAN_POINT ( 'NONE',  ( 0.000000000000000000, -0.2000000000000000111, 0.000000000000000000 ) ) ;
#752 = AXIS2_PLACEMENT_3D ( 'NONE', #797, #471, #251 ) ;
#753 = CARTESIAN_POINT ( 'NONE',  ( 0.000000000000000000, -37.00000000000000000, 0.000000000000000000 ) ) ;
#754 = DIRECTION ( 'NONE',  ( 0.000000000000000000, 0.000000000000000000, -1.000000000000000000 ) ) ;
#755 = EDGE_LOOP ( 'NONE', ( #861 ) ) ;
#756 = EDGE_LOOP ( 'NONE', ( #19 ) ) ;
#757 = CARTESIAN_POINT ( 'NONE',  ( 2.212665187626951635, -27.77941969066258920, -1.153622968160581186 ) ) ;
#758 = CARTESIAN_POINT ( 'NONE',  ( -1.653625054148648355, -28.34340139158546634, 2.463211151549014932 ) ) ;
#759 = DIRECTION ( 'NONE',  ( -0.000000000000000000, -1.000000000000000000, -0.000000000000000000 ) ) ;
#760 = AXIS2_PLACEMENT_3D ( 'NONE', #1291, #968, #866 ) ;
#761 = CARTESIAN_POINT ( 'NONE',  ( 2.464352140197366925, -28.34592083214874592, -1.655735123126205410 ) ) ;
#762 = VERTEX_POINT ( 'NONE', #377 ) ;
#763 = DIRECTION ( 'NONE',  ( 0.000000000000000000, 0.000000000000000000, -1.000000000000000000 ) ) ;
#764 = CARTESIAN_POINT ( 'NONE',  ( 3.149703704231707757, -37.00000000000000000, 5.106796116504862759 ) ) ;
#765 = EDGE_CURVE ( 'NONE', #1386, #474, #740, .T. ) ;
#766 = CARTESIAN_POINT ( 'NONE',  ( 3.143139542413555976, -37.06666666666666288, -4.942216899348615300 ) ) ;
#767 = CARTESIAN_POINT ( 'NONE',  ( -3.094464374970035347, -37.75717475989826966, -3.094464374970069986 ) ) ;
#768 = AXIS2_PLACEMENT_3D ( 'NONE', #88, #543, #651 ) ;
#769 = CARTESIAN_POINT ( 'NONE',  ( 6.043397084976504630, -32.86222157097255803, -3.027097538526784426 ) ) ;
#770 = ORIENTED_EDGE ( 'NONE', *, *, #844, .F. ) ;
#771 = ORIENTED_EDGE ( 'NONE', *, *, #1162, .F. ) ;
#772 = EDGE_LOOP ( 'NONE', ( #771 ) ) ;
#773 = CARTESIAN_POINT ( 'NONE',  ( -3.143139542413560861, -37.06666666666666288, -4.942216899348619741 ) ) ;
#774 = CARTESIAN_POINT ( 'NONE',  ( 0.000000000000000000, -38.89999999999999858, -5.150000000000000355 ) ) ;
#775 = DIRECTION ( 'NONE',  ( -0.000000000000000000, -1.000000000000000000, -0.000000000000000000 ) ) ;
#776 = DIRECTION ( 'NONE',  ( 0.000000000000000000, 0.000000000000000000, -1.000000000000000000 ) ) ;
#777 = TOROIDAL_SURFACE ( 'NONE', #276, 5.334999999999999964, 0.2000000000000000111 ) ;
#778 = CARTESIAN_POINT ( 'NONE',  ( -3.149703704231707757, -37.00000000000000000, -5.106796116504862759 ) ) ;
#779 = CARTESIAN_POINT ( 'NONE',  ( -8.300000000000006040, -34.69999999999999574, 2.835264453425180480E-14 ) ) ;
#780 = CARTESIAN_POINT ( 'NONE',  ( 0.000000000000000000, -0.9000000000000000222, 0.000000000000000000 ) ) ;
#781 = CARTESIAN_POINT ( 'NONE',  ( 3.393320915234167234, -37.63508411898462924, -3.162961204324139075 ) ) ;
#782 = CARTESIAN_POINT ( 'NONE',  ( 0.000000000000000000, -37.00000000000000000, 0.000000000000000000 ) ) ;
#783 = VERTEX_POINT ( 'NONE', #452 ) ;
#784 = CARTESIAN_POINT ( 'NONE',  ( 2.640031704826923065, -29.96034258715472731, 3.423184465831269563 ) ) ;
#785 = AXIS2_PLACEMENT_3D ( 'NONE', #1032, #1149, #1242 ) ;
#786 = CARTESIAN_POINT ( 'NONE',  ( 0.000000000000000000, -20.41081715311734612, 1.893185165257813107 ) ) ;
#787 = CARTESIAN_POINT ( 'NONE',  ( 1.303009085321767513, -38.17202269889963873, -1.303009085321762406 ) ) ;
#788 = CARTESIAN_POINT ( 'NONE',  ( 0.000000000000000000, -0.9000000000000000222, 0.000000000000000000 ) ) ;
#789 = PERSON_AND_ORGANIZATION ( #103, #889 ) ;
#790 = APPLICATION_PROTOCOL_DEFINITION ( 'international standard', 'config_control_design', 1994, #1345 ) ;
#791 = CARTESIAN_POINT ( 'NONE',  ( -3.234979182346648940, -37.28138382121478145, 4.323556319596288944 ) ) ;
#792 = AXIS2_PLACEMENT_3D ( 'NONE', #1128, #1346, #700 ) ;
#793 = DIRECTION ( 'NONE',  ( 0.000000000000000000, 0.000000000000000000, 1.000000000000000000 ) ) ;
#794 = VERTEX_POINT ( 'NONE', #805 ) ;
#795 = CYLINDRICAL_SURFACE ( 'NONE', #1226, 5.535000000000000142 ) ;
#796 = PERSON_AND_ORGANIZATION_ROLE ( 'design_owner' ) ;
#797 = CARTESIAN_POINT ( 'NONE',  ( -0.000000000000000000, -36.69999999999999574, 5.150000000000000355 ) ) ;
#798 = CARTESIAN_POINT ( 'NONE',  ( 4.323556319596298714, -37.28138382121479566, 3.234979182346661819 ) ) ;
#799 = FACE_OUTER_BOUND ( 'NONE', #1002, .T. ) ;
#800 = ORIENTED_EDGE ( 'NONE', *, *, #271, .T. ) ;
#801 = ORIENTED_EDGE ( 'NONE', *, *, #111, .F. ) ;
#802 = CARTESIAN_POINT ( 'NONE',  ( -5.106796116504851213, -37.00000000000000000, 3.149703704231725077 ) ) ;
#803 = CARTESIAN_POINT ( 'NONE',  ( -2.673092429013544713, -28.75390043448023647, -1.954072314350566275 ) ) ;
#804 = ORIENTED_EDGE ( 'NONE', *, *, #1215, .T. ) ;
#805 = CARTESIAN_POINT ( 'NONE',  ( 0.000000000000000000, -3.600000000000000089, 3.250000000000000444 ) ) ;
#806 = CARTESIAN_POINT ( 'NONE',  ( 1.834867364293423453, -37.84426750856334820, 1.834867364293429892 ) ) ;
#807 = LOCAL_TIME ( 10, 47, 38.00000000000000000, #359 ) ;
#808 = EDGE_CURVE ( 'NONE', #1240, #232, #1217, .T. ) ;
#809 = CIRCLE ( 'NONE', #920, 5.334999999999999964 ) ;
#810 = CARTESIAN_POINT ( 'NONE',  ( 4.996736672765093701, -37.04431261976840517, 3.146743673701478450 ) ) ;
#811 = DIRECTION ( 'NONE',  ( 0.000000000000000000, 1.000000000000000000, 0.000000000000000000 ) ) ;
#812 = CIRCLE ( 'NONE', #728, 1.946791111376202865 ) ;
#813 = APPROVAL ( #481, '未指定' ) ;
#814 = FACE_OUTER_BOUND ( 'NONE', #92, .T. ) ;
#815 = CARTESIAN_POINT ( 'NONE',  ( 0.6349167214926654257, -27.37792707695829364, -2.062595996282508004 ) ) ;
#816 = CARTESIAN_POINT ( 'NONE',  ( 1.303009085321764182, -38.17202269889964583, 1.303009085321768623 ) ) ;
#817 = EDGE_LOOP ( 'NONE', ( #260 ) ) ;
#818 = CARTESIAN_POINT ( 'NONE',  ( -3.145789968132103542, -31.75360648293164445, -4.906330129053293021 ) ) ;
#819 = AXIS2_PLACEMENT_3D ( 'NONE', #788, #906, #246 ) ;
#820 = VERTEX_POINT ( 'NONE', #779 ) ;
#821 = CARTESIAN_POINT ( 'NONE',  ( -4.904120818801288806, -31.75127904543160184, -3.145614922304789562 ) ) ;
#822 = ORIENTED_EDGE ( 'NONE', *, *, #1148, .T. ) ;
#823 = CARTESIAN_POINT ( 'NONE',  ( -3.856718849643642866, -37.45511267346277862, -3.221053794404533210 ) ) ;
#824 = CARTESIAN_POINT ( 'NONE',  ( -2.326447400775780494, -29.35096731116155766, -3.019399668186869778 ) ) ;
#825 = CARTESIAN_POINT ( 'NONE',  ( 5.150000000000000355, -37.06666666666666288, 1.798112889504213678E-14 ) ) ;
#826 = CARTESIAN_POINT ( 'NONE',  ( -2.037299304349017959, -27.30419888628647129, 0.4998601592754181588 ) ) ;
#827 = APPROVAL_PERSON_ORGANIZATION ( #538, #945, #1246 ) ;
#828 = FACE_OUTER_BOUND ( 'NONE', #1041, .T. ) ;
#829 = AXIS2_PLACEMENT_3D ( 'NONE', #624, #394, #1383 ) ;
#830 = DIRECTION ( 'NONE',  ( 0.000000000000000000, 1.000000000000000000, 0.000000000000000000 ) ) ;
#831 = B_SPLINE_CURVE_WITH_KNOTS ( 'NONE', 3,
 ( #451, #901, #680, #344, #449, #1003, #585, #573, #1223, #568 ),
 .UNSPECIFIED., .F., .F.,
 ( 4, 2, 2, 2, 4 ),
 ( 3.286783843252935968E-07, 0.0009830031730958077411, 0.001965677667807289811, 0.002948352162518771882, 0.003931026657230253518 ),
 .UNSPECIFIED. ) ;
#832 = CARTESIAN_POINT ( 'NONE',  ( 8.300000000000006040, -34.69999999999999574, -8.631123475904786267E-14 ) ) ;
#833 = CARTESIAN_POINT ( 'NONE',  ( -1.999106424188297426, -27.18921049945513246, 0.1114833535297538175 ) ) ;
#834 = FACE_OUTER_BOUND ( 'NONE', #1420, .T. ) ;
#835 = CARTESIAN_POINT ( 'NONE',  ( 0.5306872869226839651, -34.66878396790890804, 8.257841384942631535 ) ) ;
#836 = CONICAL_SURFACE ( 'NONE', #696, 1.925436851031889995, 1.134464013796310233 ) ;
#837 = CARTESIAN_POINT ( 'NONE',  ( 2.692773497225461998, -33.52137582200165156, -6.799538202286248278 ) ) ;
#838 = ADVANCED_FACE ( 'NONE', ( #983, #132 ), #363, .T. ) ;
#839 = ORIENTED_EDGE ( 'NONE', *, *, #592, .T. ) ;
#840 = CARTESIAN_POINT ( 'NONE',  ( 3.132675995007670355, -37.69557197310302143, -3.243081118229162563 ) ) ;
#841 = CARTESIAN_POINT ( 'NONE',  ( -7.652310395719070790, -34.20969359902090190, 1.927967424728978196 ) ) ;
#842 = VERTEX_POINT ( 'NONE', #15 ) ;
#843 = DIRECTION ( 'NONE',  ( 0.000000000000000000, 1.000000000000000000, 0.000000000000000000 ) ) ;
#844 = EDGE_CURVE ( 'NONE', #80, #80, #434, .T. ) ;
#845 = ORIENTED_EDGE ( 'NONE', *, *, #852, .F. ) ;
#846 = CARTESIAN_POINT ( 'NONE',  ( -0.5293923326896960990, -34.66893365795424842, -8.258043295410100626 ) ) ;
#847 = AXIS2_PLACEMENT_3D ( 'NONE', #392, #512, #1267 ) ;
#848 = CARTESIAN_POINT ( 'NONE',  ( 0.000000000000000000, -3.899999999999999911, 0.000000000000000000 ) ) ;
#849 = CARTESIAN_POINT ( 'NONE',  ( -6.801099519343066113, -33.52267133139268651, 2.691711434320149365 ) ) ;
#850 = FACE_OUTER_BOUND ( 'NONE', #725, .T. ) ;
#851 = CARTESIAN_POINT ( 'NONE',  ( -3.010817380972351298, -29.33713469794581030, 2.318577348242840230 ) ) ;
#852 = EDGE_CURVE ( 'NONE', #21, #279, #418, .T. ) ;
#853 = ADVANCED_FACE ( 'NONE', ( #894, #1201 ), #688, .T. ) ;
#854 = CONICAL_SURFACE ( 'NONE', #595, 1.475000000000000089, 0.6981317007977331235 ) ;
#855 = DIRECTION ( 'NONE',  ( 0.000000000000000000, 0.000000000000000000, -1.000000000000000000 ) ) ;
#856 = DIRECTION ( 'NONE',  ( -0.000000000000000000, -1.000000000000000000, -0.000000000000000000 ) ) ;
#857 = ORIENTED_EDGE ( 'NONE', *, *, #193, .F. ) ;
#858 = DIRECTION ( 'NONE',  ( 0.000000000000000000, 0.000000000000000000, 1.000000000000000000 ) ) ;
#859 = ORIENTED_EDGE ( 'NONE', *, *, #647, .T. ) ;
#860 = CARTESIAN_POINT ( 'NONE',  ( 3.132575728577409180, -37.69573361742795470, 3.242691151242456105 ) ) ;
#861 = ORIENTED_EDGE ( 'NONE', *, *, #579, .F. ) ;
#862 = CARTESIAN_POINT ( 'NONE',  ( -0.5371118389667567383, -34.67417097935176429, 8.264951115446308449 ) ) ;
#863 = CARTESIAN_POINT ( 'NONE',  ( -5.150000000000000355, -27.00000000000000000, 1.759230353631285395E-14 ) ) ;
#864 = AXIS2_PLACEMENT_3D ( 'NONE', #262, #488, #1030 ) ;
#865 = VERTEX_POINT ( 'NONE', #1321 ) ;
#866 = DIRECTION ( 'NONE',  ( 0.000000000000000000, 0.000000000000000000, 1.000000000000000000 ) ) ;
#867 = PRODUCT_DEFINITION_FORMATION_WITH_SPECIFIED_SOURCE ( '任何', '', #572, .NOT_KNOWN. ) ;
#868 = CARTESIAN_POINT ( 'NONE',  ( -3.148946522137059389, -37.02209407261268126, 5.051595077724130078 ) ) ;
#869 = CARTESIAN_POINT ( 'NONE',  ( -1.045293443030740566, -34.57591337403128051, 8.133080823098053358 ) ) ;
#870 = CALENDAR_DATE ( 2026, 4, 7 ) ;
#871 = DIRECTION ( 'NONE',  ( -0.000000000000000000, -1.000000000000000000, -0.000000000000000000 ) ) ;
#872 = PERSON_AND_ORGANIZATION ( #103, #889 ) ;
#873 = CARTESIAN_POINT ( 'NONE',  ( 4.028633533026752644, -30.76846415436837745, -2.963822236370189600 ) ) ;
#874 = CIRCLE ( 'NONE', #847, 5.488208888623797854 ) ;
#875 = CARTESIAN_POINT ( 'NONE',  ( -6.505213034913026604E-16, -34.69999999999999574, 8.300000000000002487 ) ) ;
#876 = EDGE_CURVE ( 'NONE', #697, #1335, #1410, .T. ) ;
#877 = AXIS2_PLACEMENT_3D ( 'NONE', #127, #887, #607 ) ;
#878 = FACE_BOUND ( 'NONE', #679, .T. ) ;
#879 = B_SPLINE_CURVE_WITH_KNOTS ( 'NONE', 3,
 ( #1171, #84, #519, #823, #536, #1065, #404, #1272 ),
 .UNSPECIFIED., .F., .F.,
 ( 4, 2, 2, 4 ),
 ( 0.0002124591235449884417, 0.001202790739545653038, 0.001697956547545988832, 0.002193122355546324627 ),
 .UNSPECIFIED. ) ;
#880 = ORIENTED_EDGE ( 'NONE', *, *, #266, .T. ) ;
#881 = CARTESIAN_POINT ( 'NONE',  ( -4.942216899348728987, -37.06666666666664156, 3.143139542413581289 ) ) ;
#882 = VERTEX_POINT ( 'NONE', #802 ) ;
#883 = ORIENTED_EDGE ( 'NONE', *, *, #1241, .T. ) ;
#884 = DIRECTION ( 'NONE',  ( 0.000000000000000000, 1.000000000000000000, 0.000000000000000000 ) ) ;
#885 = EDGE_LOOP ( 'NONE', ( #106 ) ) ;
#886 = CARTESIAN_POINT ( 'NONE',  ( -4.996736672765070608, -37.04431261976841228, -3.146743673701513089 ) ) ;
#887 = DIRECTION ( 'NONE',  ( 0.000000000000000000, 1.000000000000000000, 0.000000000000000000 ) ) ;
#888 = CARTESIAN_POINT ( 'NONE',  ( 8.126058289387435352, -34.57059461372733722, -1.040269894845465171 ) ) ;
#889 = ORGANIZATION ( '未指定', '未指定', '' ) ;
#890 = CONICAL_SURFACE ( 'NONE', #486, 2.850000000000000089, 0.6857295109062858662 ) ;
#891 = CARTESIAN_POINT ( 'NONE',  ( 3.094464374970025133, -37.75717475989829097, -3.094464374970014475 ) ) ;
#892 = CARTESIAN_POINT ( 'NONE',  ( -3.207192829853291016, -37.51506229761983491, -3.699550011623972345 ) ) ;
#893 = DIRECTION ( 'NONE',  ( 0.000000000000000000, 0.000000000000000000, 1.000000000000000000 ) ) ;
#894 = FACE_OUTER_BOUND ( 'NONE', #724, .T. ) ;
#895 = EDGE_CURVE ( 'NONE', #244, #743, #730, .T. ) ;
#896 = CYLINDRICAL_SURFACE ( 'NONE', #686, 3.250000000000000444 ) ;
#897 = DIRECTION ( 'NONE',  ( -0.000000000000000000, -1.000000000000000000, -0.000000000000000000 ) ) ;
#898 = CARTESIAN_POINT ( 'NONE',  ( 0.1371523447568047394, -27.19228340320012194, 2.000107873007769932 ) ) ;
#899 = CC_DESIGN_PERSON_AND_ORGANIZATION_ASSIGNMENT ( #606, #796, ( #572 ) ) ;
#900 = ORIENTED_EDGE ( 'NONE', *, *, #1186, .F. ) ;
#901 = CARTESIAN_POINT ( 'NONE',  ( -0.7157770911747541875, -38.70068546002519838, -0.7157770911747616260 ) ) ;
#902 = DIRECTION ( 'NONE',  ( 0.000000000000000000, 1.000000000000000000, 0.000000000000000000 ) ) ;
#903 = ORIENTED_EDGE ( 'NONE', *, *, #1135, .T. ) ;
#904 = CARTESIAN_POINT ( 'NONE',  ( 3.856008333749671113, -37.45538081480991366, -3.221009132654678364 ) ) ;
#905 = AXIS2_PLACEMENT_3D ( 'NONE', #978, #628, #639 ) ;
#906 = DIRECTION ( 'NONE',  ( -0.000000000000000000, -1.000000000000000000, -0.000000000000000000 ) ) ;
#907 = CARTESIAN_POINT ( 'NONE',  ( 2.276681619929412204, -33.96327031300532440, 7.339743825201121119 ) ) ;
#908 = PERSON_AND_ORGANIZATION ( #103, #889 ) ;
#909 = FACE_OUTER_BOUND ( 'NONE', #1255, .T. ) ;
#910 = CARTESIAN_POINT ( 'NONE',  ( 0.000000000000000000, -10.69440052299729338, -1.474999999999999423 ) ) ;
#911 = DIRECTION ( 'NONE',  ( -0.000000000000000000, -1.000000000000000000, -0.000000000000000000 ) ) ;
#912 = FACE_OUTER_BOUND ( 'NONE', #13, .T. ) ;
#913 = CARTESIAN_POINT ( 'NONE',  ( 0.000000000000000000, -34.89999999999999147, 0.000000000000000000 ) ) ;
#914 = ORIENTED_EDGE ( 'NONE', *, *, #59, .F. ) ;
#915 = APPROVAL_ROLE ( '' ) ;
#916 = CARTESIAN_POINT ( 'NONE',  ( 3.149703704231708645, -37.00000000000000000, -5.106796116504860983 ) ) ;
#917 = CARTESIAN_POINT ( 'NONE',  ( 0.000000000000000000, -0.6999999999999999556, 0.000000000000000000 ) ) ;
#918 = EDGE_LOOP ( 'NONE', ( #143 ) ) ;
#919 = CARTESIAN_POINT ( 'NONE',  ( 2.431041107648409305, -33.82317338200246581, 7.165290772389292684 ) ) ;
#920 = AXIS2_PLACEMENT_3D ( 'NONE', #3, #465, #336 ) ;
#921 = ORIENTED_EDGE ( 'NONE', *, *, #852, .T. ) ;
#922 =( NAMED_UNIT ( * ) SI_UNIT ( $, .STERADIAN. ) SOLID_ANGLE_UNIT ( ) );
#923 = CARTESIAN_POINT ( 'NONE',  ( -3.149703704231707757, -37.00000000000000000, -5.106796116504862759 ) ) ;
#924 = EDGE_CURVE ( 'NONE', #43, #43, #930, .T. ) ;
#925 = DATE_AND_TIME ( #870, #284 ) ;
#926 = CARTESIAN_POINT ( 'NONE',  ( 3.094464374970025133, -37.75717475989829097, -3.094464374970014475 ) ) ;
#927 = AXIS2_PLACEMENT_3D ( 'NONE', #529, #82, #305 ) ;
#928 = CARTESIAN_POINT ( 'NONE',  ( -6.231493977533641093, -33.03099794925655175, -2.965785530785047364 ) ) ;
#929 = VERTEX_POINT ( 'NONE', #40 ) ;
#930 = CIRCLE ( 'NONE', #792, 1.893185165257813107 ) ;
#931 = CARTESIAN_POINT ( 'NONE',  ( -5.150000000000000355, -37.06666666666666288, -5.394338668512641349E-14 ) ) ;
#932 = CARTESIAN_POINT ( 'NONE',  ( 2.517355604744374808, -37.66416923785813964, 2.517355604744383690 ) ) ;
#933 = CIRCLE ( 'NONE', #249, 6.000000000000007105 ) ;
#934 = AXIS2_PLACEMENT_3D ( 'NONE', #166, #1258, #47 ) ;
#935 = ORIENTED_EDGE ( 'NONE', *, *, #282, .F. ) ;
#936 = CARTESIAN_POINT ( 'NONE',  ( -8.033912177682367428, -34.50167882881341086, -1.291864683801776215 ) ) ;
#937 = ORIENTED_EDGE ( 'NONE', *, *, #1322, .T. ) ;
#938 = CARTESIAN_POINT ( 'NONE',  ( -2.429572859745338320, -33.82457951705308830, -7.167030015939818810 ) ) ;
#939 = CARTESIAN_POINT ( 'NONE',  ( -4.032546504961524114, -30.77308281226569875, -2.965046788953054513 ) ) ;
#940 = EDGE_CURVE ( 'NONE', #1106, #952, #1303, .T. ) ;
#941 = CARTESIAN_POINT ( 'NONE',  ( -1.042767664908373249, -34.57656707891091941, -8.133954973844419456 ) ) ;
#942 = APPROVAL_DATE_TIME ( #1312, #945 ) ;
#943 = CARTESIAN_POINT ( 'NONE',  ( -2.147943624018039621, -27.61332957384275844, -0.9795654338298914743 ) ) ;
#944 = FACE_OUTER_BOUND ( 'NONE', #817, .T. ) ;
#945 = APPROVAL ( #1020, '未指定' ) ;
#946 = DIRECTION ( 'NONE',  ( 0.000000000000000000, 1.000000000000000000, 0.000000000000000000 ) ) ;
#947 = CARTESIAN_POINT ( 'NONE',  ( 0.2674308322207965549, -27.21937959369116200, -2.008839350836200133 ) ) ;
#948 = CARTESIAN_POINT ( 'NONE',  ( 0.000000000000000000, -20.43625046262037515, 0.000000000000000000 ) ) ;
#949 = CARTESIAN_POINT ( 'NONE',  ( -2.011009225561557479, -27.22599498271029006, -0.2913148431631241153 ) ) ;
#950 = EDGE_LOOP ( 'NONE', ( #533 ) ) ;
#951 = EDGE_CURVE ( 'NONE', #1152, #1152, #1229, .T. ) ;
#952 = VERTEX_POINT ( 'NONE', #482 ) ;
#953 = CARTESIAN_POINT ( 'NONE',  ( 1.929755952548950493, -34.20858142806834223, -7.650883950280631396 ) ) ;
#954 = EDGE_LOOP ( 'NONE', ( #857, #389, #880, #142, #710, #1161 ) ) ;
#955 = AXIS2_PLACEMENT_3D ( 'NONE', #669, #355, #1317 ) ;
#956 = ORIENTED_EDGE ( 'NONE', *, *, #1186, .T. ) ;
#957 = CARTESIAN_POINT ( 'NONE',  ( -2.771775291849994272, -28.93302007499732298, 2.072667468476213859 ) ) ;
#958 = ADVANCED_FACE ( 'NONE', ( #401 ), #1281, .F. ) ;
#959 = CARTESIAN_POINT ( 'NONE',  ( 1.656168685050926070, -28.34662259221184399, -2.464755273682735837 ) ) ;
#960 = CARTESIAN_POINT ( 'NONE',  ( 0.5303423269407648855, -38.89999999999999858, 0.5303423269407657736 ) ) ;
#961 = CARTESIAN_POINT ( 'NONE',  ( -5.080229932453083741, -31.93426404794796980, 3.154942688098583137 ) ) ;
#962 = CALENDAR_DATE ( 2026, 4, 7 ) ;
#963 = CIRCLE ( 'NONE', #984, 4.649999999999999467 ) ;
#964 = DIRECTION ( 'NONE',  ( 0.000000000000000000, 1.000000000000000000, 0.000000000000000000 ) ) ;
#965 = ADVANCED_FACE ( 'NONE', ( #659, #909 ), #85, .T. ) ;
#966 = DIRECTION ( 'NONE',  ( -0.000000000000000000, -1.000000000000000000, -0.000000000000000000 ) ) ;
#967 = CARTESIAN_POINT ( 'NONE',  ( -3.139218140741202312, -29.54004051311379087, 2.430729281098302774 ) ) ;
#968 = DIRECTION ( 'NONE',  ( 0.000000000000000000, 1.000000000000000000, 0.000000000000000000 ) ) ;
#969 = ORIENTED_EDGE ( 'NONE', *, *, #951, .T. ) ;
#970 = ADVANCED_BREP_SHAPE_REPRESENTATION ( 'BUQD0094-ACC UQD08 母頭閥芯 ocp2.0  2.62密封圈', ( #1196, #358 ), #104 ) ;
#971 = ORIENTED_EDGE ( 'NONE', *, *, #940, .F. ) ;
#972 = DIRECTION ( 'NONE',  ( -0.000000000000000000, -1.000000000000000000, -0.000000000000000000 ) ) ;
#973 = ADVANCED_FACE ( 'NONE', ( #1033, #98 ), #795, .T. ) ;
#974 = ORIENTED_EDGE ( 'NONE', *, *, #675, .T. ) ;
#975 = DIRECTION ( 'NONE',  ( 0.000000000000000000, 1.000000000000000000, 0.000000000000000000 ) ) ;
#976 = ORIENTED_EDGE ( 'NONE', *, *, #711, .F. ) ;
#977 = CC_DESIGN_SECURITY_CLASSIFICATION ( #1304, ( #867 ) ) ;
#978 = CARTESIAN_POINT ( 'NONE',  ( 0.000000000000000000, -36.69999999999999574, -5.150000000000000355 ) ) ;
#979 = DIRECTION ( 'NONE',  ( 0.000000000000000000, 0.000000000000000000, 1.000000000000000000 ) ) ;
#980 = CARTESIAN_POINT ( 'NONE',  ( -0.6617115592251211487, -34.64999556967428873, -8.232507215663121158 ) ) ;
#981 = FACE_OUTER_BOUND ( 'NONE', #1157, .T. ) ;
#982 = CARTESIAN_POINT ( 'NONE',  ( -2.948226757471951842, -30.75599522390816531, 4.027011166867888292 ) ) ;
#983 = FACE_BOUND ( 'NONE', #212, .T. ) ;
#984 = AXIS2_PLACEMENT_3D ( 'NONE', #1096, #988, #1296 ) ;
#985 = DIRECTION ( 'NONE',  ( 0.000000000000000000, 1.000000000000000000, 0.000000000000000000 ) ) ;
#986 = CARTESIAN_POINT ( 'NONE',  ( 3.413260761345070726, -29.95816659651708846, -2.650555002064795662 ) ) ;
#987 = EDGE_LOOP ( 'NONE', ( #1384, #801, #1191, #633, #372, #914, #1147, #1323 ) ) ;
#988 = DIRECTION ( 'NONE',  ( -1.783247239190584574E-16, 1.000000000000000000, -6.226174458177463719E-31 ) ) ;
#989 = ORIENTED_EDGE ( 'NONE', *, *, #895, .F. ) ;
#990 = CARTESIAN_POINT ( 'NONE',  ( -3.030234473422590558, -32.85267240162221469, 6.032862987896459472 ) ) ;
#991 = AXIS2_PLACEMENT_3D ( 'NONE', #6, #574, #1112 ) ;
#992 = CARTESIAN_POINT ( 'NONE',  ( -3.697403829732759384, -37.51447862171584546, 3.215808372773492518 ) ) ;
#993 = VERTEX_POINT ( 'NONE', #360 ) ;
#994 = CARTESIAN_POINT ( 'NONE',  ( 5.091187510782094527, -31.95364536896207142, -3.170369813174029883 ) ) ;
#995 = VERTEX_POINT ( 'NONE', #46 ) ;
#996 = CARTESIAN_POINT ( 'NONE',  ( 3.143139542413556420, -37.06666666666666288, 4.942216899348616188 ) ) ;
#997 = FACE_OUTER_BOUND ( 'NONE', #1071, .T. ) ;
#998 = EDGE_CURVE ( 'NONE', #406, #865, #288, .T. ) ;
#999 = DIRECTION ( 'NONE',  ( 0.000000000000000000, -1.000000000000000000, -0.000000000000000000 ) ) ;
#1000 = AXIS2_PLACEMENT_3D ( 'NONE', #299, #1063, #1067 ) ;
#1001 = CARTESIAN_POINT ( 'NONE',  ( 8.167211719753003862, -34.60134646673956382, -0.9144395983217300516 ) ) ;
#1002 = EDGE_LOOP ( 'NONE', ( #839 ) ) ;
#1003 = CARTESIAN_POINT ( 'NONE',  ( -1.945094508796174404, -37.78477461940770610, -1.945094508796194610 ) ) ;
#1004 = CARTESIAN_POINT ( 'NONE',  ( -3.393479551931367411, -37.63323066187172827, 3.171345714696375051 ) ) ;
#1005 = EDGE_LOOP ( 'NONE', ( #528 ) ) ;
#1006 = CARTESIAN_POINT ( 'NONE',  ( 0.000000000000000000, 0.000000000000000000, 0.000000000000000000 ) ) ;
#1007 = AXIS2_PLACEMENT_3D ( 'NONE', #1305, #1268, #308 ) ;
#1008 = CARTESIAN_POINT ( 'NONE',  ( 0.000000000000000000, -34.69999999999999574, 0.000000000000000000 ) ) ;
#1009 = CARTESIAN_POINT ( 'NONE',  ( 0.2704281230679299042, -27.22006894480406913, 2.009061799493780498 ) ) ;
#1010 = FACE_OUTER_BOUND ( 'NONE', #1251, .T. ) ;
#1011 = DIRECTION ( 'NONE',  ( 0.000000000000000000, 0.000000000000000000, -1.000000000000000000 ) ) ;
#1012 = CARTESIAN_POINT ( 'NONE',  ( -1.303009085321765737, -38.17202269889965294, 1.303009085321752414 ) ) ;
#1013 = CIRCLE ( 'NONE', #955, 1.481814834742186671 ) ;
#1014 = CARTESIAN_POINT ( 'NONE',  ( 1.658111440955333693, -28.34898966293642175, 2.465848940183734239 ) ) ;
#1015 = EDGE_CURVE ( 'NONE', #1130, #1130, #874, .T. ) ;
#1016 = CARTESIAN_POINT ( 'NONE',  ( -3.221053794404490134, -37.45511267346282125, 3.856718849643625990 ) ) ;
#1017 = CARTESIAN_POINT ( 'NONE',  ( 4.633777436853965703, -37.17160077861380785, 3.208792153192375984 ) ) ;
#1018 = CC_DESIGN_APPROVAL ( #945, ( #867 ) ) ;
#1019 = ORIENTED_EDGE ( 'NONE', *, *, #998, .T. ) ;
#1020 = APPROVAL_STATUS ( 'not_yet_approved' ) ;
#1021 = ORIENTED_EDGE ( 'NONE', *, *, #203, .T. ) ;
#1022 = CARTESIAN_POINT ( 'NONE',  ( -2.286392831425501093, -37.69094934504870054, 2.286392831425476668 ) ) ;
#1023 = CARTESIAN_POINT ( 'NONE',  ( -0.6334542702333747499, -27.37707816291092655, 2.062299855849290431 ) ) ;
#1024 = EDGE_CURVE ( 'NONE', #1143, #180, #520, .T. ) ;
#1025 = DATE_TIME_ROLE ( 'creation_date' ) ;
#1026 = AXIS2_PLACEMENT_3D ( 'NONE', #146, #1129, #1116 ) ;
#1027 = CARTESIAN_POINT ( 'NONE',  ( -0.9069374663784393054, -38.51143695433222547, 0.9069374663784305346 ) ) ;
#1028 = CARTESIAN_POINT ( 'NONE',  ( 3.139634090837011282, -32.32143908791250198, 5.467695515967432307 ) ) ;
#1029 = APPROVAL_PERSON_ORGANIZATION ( #789, #330, #915 ) ;
#1030 = DIRECTION ( 'NONE',  ( 0.000000000000000000, 0.000000000000000000, -1.000000000000000000 ) ) ;
#1031 = FACE_OUTER_BOUND ( 'NONE', #583, .T. ) ;
#1032 = CARTESIAN_POINT ( 'NONE',  ( 0.000000000000000000, -4.327205953146759043, 0.000000000000000000 ) ) ;
#1033 = FACE_OUTER_BOUND ( 'NONE', #316, .T. ) ;
#1034 = CIRCLE ( 'NONE', #1101, 8.300000000000006040 ) ;
#1035 = EDGE_CURVE ( 'NONE', #253, #253, #221, .T. ) ;
#1036 = CARTESIAN_POINT ( 'NONE',  ( 0.000000000000000000, -1.199999999999999956, -3.250000000000000444 ) ) ;
#1037 = CARTESIAN_POINT ( 'NONE',  ( 0.9069374663784378621, -38.51143695433223257, -0.9069374663784338653 ) ) ;
#1038 = CARTESIAN_POINT ( 'NONE',  ( -3.150840578492964728, -29.55797037942068428, -2.440294453082354931 ) ) ;
#1039 = ORIENTED_EDGE ( 'NONE', *, *, #876, .T. ) ;
#1040 = ORIENTED_EDGE ( 'NONE', *, *, #998, .F. ) ;
#1041 = EDGE_LOOP ( 'NONE', ( #274 ) ) ;
#1042 = CARTESIAN_POINT ( 'NONE',  ( 5.051595077724154947, -37.02209407261268126, 3.148946522137006543 ) ) ;
#1043 = EDGE_CURVE ( 'NONE', #232, #406, #226, .T. ) ;
#1044 = CARTESIAN_POINT ( 'NONE',  ( 6.234162491791650496E-16, -34.69999999999998153, -8.300000000000002487 ) ) ;
#1045 = CARTESIAN_POINT ( 'NONE',  ( 0.7158221687399343169, -38.70063700840823628, 0.7158221687399368705 ) ) ;
#1046 = CIRCLE ( 'NONE', #785, 5.535000000000000142 ) ;
#1047 = CIRCLE ( 'NONE', #140, 1.474999999999999423 ) ;
#1048 = CARTESIAN_POINT ( 'NONE',  ( -2.275039986025275685, -33.96462261468001032, -7.341439297457736046 ) ) ;
#1049 = ADVANCED_FACE ( 'NONE', ( #828, #1133 ), #1413, .T. ) ;
#1050 = CARTESIAN_POINT ( 'NONE',  ( -0.6365963129988341240, -27.37893722781177175, -2.062951530891409035 ) ) ;
#1051 = EDGE_LOOP ( 'NONE', ( #1288 ) ) ;
#1052 = CARTESIAN_POINT ( 'NONE',  ( -7.161113609027433213, -33.81978965580199059, 2.434514760688333279 ) ) ;
#1053 = ORIENTED_EDGE ( 'NONE', *, *, #502, .T. ) ;
#1054 = ADVANCED_FACE ( 'NONE', ( #1167, #1344 ), #1253, .T. ) ;
#1055 = CARTESIAN_POINT ( 'NONE',  ( 0.000000000000000000, -8.123250084251132819, 0.000000000000000000 ) ) ;
#1056 = ORIENTED_EDGE ( 'NONE', *, *, #515, .T. ) ;
#1057 = DIRECTION ( 'NONE',  ( -0.000000000000000000, -1.000000000000000000, -0.000000000000000000 ) ) ;
#1058 = CARTESIAN_POINT ( 'NONE',  ( -3.413910961141380707, -29.94716430592060163, 2.633948247909951856 ) ) ;
#1059 = EDGE_CURVE ( 'NONE', #1411, #1411, #558, .T. ) ;
#1060 = CARTESIAN_POINT ( 'NONE',  ( 3.159620241306384525, -32.31943795599772784, -5.459287858817019945 ) ) ;
#1061 = LOCAL_TIME ( 10, 47, 38.00000000000000000, #1342 ) ;
#1062 = TOROIDAL_SURFACE ( 'NONE', #1000, 2.100000000000000089, 0.2000000000000000111 ) ;
#1063 = DIRECTION ( 'NONE',  ( -0.000000000000000000, -1.000000000000000000, -0.000000000000000000 ) ) ;
#1064 = CARTESIAN_POINT ( 'NONE',  ( -2.216962571601598153, -27.79000567954031808, -1.164442144221598419 ) ) ;
#1065 = CARTESIAN_POINT ( 'NONE',  ( -3.393965148330697623, -37.63482643107307979, -3.163082073155067508 ) ) ;
#1066 = CARTESIAN_POINT ( 'NONE',  ( -0.9572825591371824094, -27.60892712243796865, -2.147253020504481302 ) ) ;
#1067 = DIRECTION ( 'NONE',  ( 0.000000000000000000, 0.000000000000000000, -1.000000000000000000 ) ) ;
#1068 = CARTESIAN_POINT ( 'NONE',  ( 0.6631058586956452006, -34.64976996693915368, 8.232203593385195362 ) ) ;
#1069 = ADVANCED_FACE ( 'NONE', ( #1100 ), #890, .F. ) ;
#1070 = EDGE_CURVE ( 'NONE', #1393, #1393, #593, .T. ) ;
#1071 = EDGE_LOOP ( 'NONE', ( #859 ) ) ;
#1072 = DIRECTION ( 'NONE',  ( 0.000000000000000000, 0.000000000000000000, 1.000000000000000000 ) ) ;
#1073 = ORIENTED_EDGE ( 'NONE', *, *, #1015, .T. ) ;
#1074 = AXIS2_PLACEMENT_3D ( 'NONE', #1408, #999, #129 ) ;
#1075 = CARTESIAN_POINT ( 'NONE',  ( -8.300000000000006040, -34.69999999999999574, 2.768781297984856948E-14 ) ) ;
#1076 = CARTESIAN_POINT ( 'NONE',  ( 3.221053794404491466, -37.45511267346279993, -3.856718849643644642 ) ) ;
#1077 = CARTESIAN_POINT ( 'NONE',  ( -3.160361901201876211, -32.31316927158458441, 5.452794865703213034 ) ) ;
#1078 = COORDINATED_UNIVERSAL_TIME_OFFSET ( 8, 0, .AHEAD. ) ;
#1079 = DIRECTION ( 'NONE',  ( -0.000000000000000000, -1.000000000000000000, -0.000000000000000000 ) ) ;
#1080 = AXIS2_PLACEMENT_3D ( 'NONE', #641, #843, #742 ) ;
#1081 = CARTESIAN_POINT ( 'NONE',  ( 7.674696899366349356, -34.22806238488379904, 1.950105198241732118 ) ) ;
#1082 = CARTESIAN_POINT ( 'NONE',  ( -0.2663408912751940583, -34.69999999999998153, 8.299999999999998934 ) ) ;
#1083 = DIRECTION ( 'NONE',  ( 0.000000000000000000, 0.000000000000000000, -1.000000000000000000 ) ) ;
#1084 = CARTESIAN_POINT ( 'NONE',  ( 2.008816356047279594, -27.21929274615738237, 0.2664019562492032089 ) ) ;
#1085 = CIRCLE ( 'NONE', #164, 3.250000000000000444 ) ;
#1086 = CARTESIAN_POINT ( 'NONE',  ( -2.882142104004155048, -30.55643172416888831, 3.867395377756553732 ) ) ;
#1087 = EDGE_LOOP ( 'NONE', ( #69 ) ) ;
#1088 = EDGE_CURVE ( 'NONE', #734, #734, #1358, .T. ) ;
#1089 = ORIENTED_EDGE ( 'NONE', *, *, #1208, .F. ) ;
#1090 = CARTESIAN_POINT ( 'NONE',  ( 8.265831521293675266, -34.67482506496840955, 0.5330392988202424798 ) ) ;
#1091 = EDGE_LOOP ( 'NONE', ( #1141, #351, #1351, #71, #956, #552 ) ) ;
#1092 = B_SPLINE_CURVE_WITH_KNOTS ( 'NONE', 3,
 ( #891, #1325, #781, #133, #904, #676, #125, #238 ),
 .UNSPECIFIED., .F., .F.,
 ( 4, 2, 2, 4 ),
 ( 0.002890166222482632580, 0.003383512552618249750, 0.003876858882753867353, 0.004863551543025102127 ),
 .UNSPECIFIED. ) ;
#1093 = AXIS2_PLACEMENT_3D ( 'NONE', #931, #1339, #1136 ) ;
#1094 = CARTESIAN_POINT ( 'NONE',  ( -1.932074015336289419, -34.20722535696856426, 7.649134523536297969 ) ) ;
#1095 = CARTESIAN_POINT ( 'NONE',  ( 2.779878640003116796, -28.94736723681652180, -2.081922315481123054 ) ) ;
#1096 = CARTESIAN_POINT ( 'NONE',  ( 5.150000000000000355, -38.89999999999999858, 1.798112889504213678E-14 ) ) ;
#1097 = CARTESIAN_POINT ( 'NONE',  ( -2.432803757358317220, -29.54388469055826150, 3.141691680788812668 ) ) ;
#1098 = EDGE_CURVE ( 'NONE', #518, #518, #8, .T. ) ;
#1099 = FACE_OUTER_BOUND ( 'NONE', #454, .T. ) ;
#1100 = FACE_OUTER_BOUND ( 'NONE', #744, .T. ) ;
#1101 = AXIS2_PLACEMENT_3D ( 'NONE', #1008, #1340, #362 ) ;
#1102 = FACE_OUTER_BOUND ( 'NONE', #678, .T. ) ;
#1103 = CARTESIAN_POINT ( 'NONE',  ( -5.106796116504871641, -37.00000000000000000, -3.149703704231691326 ) ) ;
#1104 = CIRCLE ( 'NONE', #1300, 6.000000000000007105 ) ;
#1105 = ORIENTED_EDGE ( 'NONE', *, *, #808, .T. ) ;
#1106 = VERTEX_POINT ( 'NONE', #1193 ) ;
#1107 = CARTESIAN_POINT ( 'NONE',  ( -3.143139542413560861, -37.06666666666666288, -4.942216899348619741 ) ) ;
#1108 = ORIENTED_EDGE ( 'NONE', *, *, #675, .F. ) ;
#1109 = ORIENTED_EDGE ( 'NONE', *, *, #271, .F. ) ;
#1110 = CARTESIAN_POINT ( 'NONE',  ( 8.265726207189750596, -34.67474463626495407, -0.5327434326252918906 ) ) ;
#1111 = ADVANCED_FACE ( 'NONE', ( #850 ), #541, .F. ) ;
#1112 = DIRECTION ( 'NONE',  ( 0.000000000000000000, 0.000000000000000000, -1.000000000000000000 ) ) ;
#1113 = FACE_OUTER_BOUND ( 'NONE', #1182, .T. ) ;
#1114 = CYLINDRICAL_SURFACE ( 'NONE', #396, 3.150000000000000355 ) ;
#1115 = CARTESIAN_POINT ( 'NONE',  ( 0.000000000000000000, -34.89999999999999147, -10.25000000000000000 ) ) ;
#1116 = DIRECTION ( 'NONE',  ( 0.000000000000000000, 0.000000000000000000, -1.000000000000000000 ) ) ;
#1117 = CARTESIAN_POINT ( 'NONE',  ( 1.499664718427367260, -28.15167364472732814, 2.373333583468336894 ) ) ;
#1118 = PRODUCT_RELATED_PRODUCT_CATEGORY ( 'detail', '', ( #572 ) ) ;
#1119 = CIRCLE ( 'NONE', #829, 4.649999999999999467 ) ;
#1120 = TOROIDAL_SURFACE ( 'NONE', #760, 5.334999999999999964, 0.2000000000000000111 ) ;
#1121 = CARTESIAN_POINT ( 'NONE',  ( -3.148947072213219123, -37.02207802175421847, -5.051635180066329056 ) ) ;
#1122 = CARTESIAN_POINT ( 'NONE',  ( -3.162961204324167497, -37.63508411898458661, -3.393320915234244062 ) ) ;
#1123 = EDGE_LOOP ( 'NONE', ( #335 ) ) ;
#1124 = CARTESIAN_POINT ( 'NONE',  ( 3.027473162634640946, -32.86090444142058686, 6.041962419573891019 ) ) ;
#1125 = ORIENTED_EDGE ( 'NONE', *, *, #266, .F. ) ;
#1126 = EDGE_LOOP ( 'NONE', ( #1125, #989, #663, #427, #1089 ) ) ;
#1127 = CARTESIAN_POINT ( 'NONE',  ( 0.000000000000000000, -0.9000000000000000222, -3.550000000000000266 ) ) ;
#1128 = CARTESIAN_POINT ( 'NONE',  ( 0.000000000000000000, -20.41081715311734612, 0.000000000000000000 ) ) ;
#1129 = DIRECTION ( 'NONE',  ( -0.000000000000000000, -1.000000000000000000, -0.000000000000000000 ) ) ;
#1130 = VERTEX_POINT ( 'NONE', #155 ) ;
#1131 = DATE_TIME_ROLE ( 'classification_date' ) ;
#1132 = CARTESIAN_POINT ( 'NONE',  ( 3.243081118229179438, -37.69557197310301433, 3.132675995007687675 ) ) ;
#1133 = FACE_BOUND ( 'NONE', #453, .T. ) ;
#1134 = CARTESIAN_POINT ( 'NONE',  ( 3.072311940248212192, -31.16850347323572379, 4.366466347734588638 ) ) ;
#1135 = EDGE_CURVE ( 'NONE', #180, #820, #497, .T. ) ;
#1136 = DIRECTION ( 'NONE',  ( 1.000000000000000000, 0.000000000000000000, 0.000000000000000000 ) ) ;
#1137 = CARTESIAN_POINT ( 'NONE',  ( -3.132675995007663250, -37.69557197310303565, 3.243081118229131921 ) ) ;
#1138 = CARTESIAN_POINT ( 'NONE',  ( -2.172390466270097242, -37.71753470962772781, 2.172390466270074594 ) ) ;
#1139 = CARTESIAN_POINT ( 'NONE',  ( 2.731009687299929212, -30.16577624314743389, 3.570789753746652195 ) ) ;
#1140 = ORIENTED_EDGE ( 'NONE', *, *, #557, .F. ) ;
#1141 = ORIENTED_EDGE ( 'NONE', *, *, #895, .T. ) ;
#1142 = CARTESIAN_POINT ( 'NONE',  ( 0.000000000000000000, -27.12854048248103211, 1.946791111376202865 ) ) ;
#1143 = VERTEX_POINT ( 'NONE', #832 ) ;
#1144 = CARTESIAN_POINT ( 'NONE',  ( 2.867956245739911481, -37.69173873379205730, -2.867956245739902599 ) ) ;
#1145 = CARTESIAN_POINT ( 'NONE',  ( 0.000000000000000000, -38.89999999999999858, 0.000000000000000000 ) ) ;
#1146 = ORIENTED_EDGE ( 'NONE', *, *, #738, .T. ) ;
#1147 = ORIENTED_EDGE ( 'NONE', *, *, #455, .F. ) ;
#1148 = EDGE_CURVE ( 'NONE', #1335, #1106, #1314, .T. ) ;
#1149 = DIRECTION ( 'NONE',  ( 0.000000000000000000, 1.000000000000000000, 0.000000000000000000 ) ) ;
#1150 = AXIS2_PLACEMENT_3D ( 'NONE', #751, #446, #1308 ) ;
#1151 = CARTESIAN_POINT ( 'NONE',  ( -5.653667057613350089, -32.50010917209974792, -3.115657797859435085 ) ) ;
#1152 = VERTEX_POINT ( 'NONE', #594 ) ;
#1153 = CARTESIAN_POINT ( 'NONE',  ( 1.508193561614910916, -38.02107978071321526, 1.508193561614916245 ) ) ;
#1154 = AXIS2_PLACEMENT_3D ( 'NONE', #54, #1370, #718 ) ;
#1155 = CARTESIAN_POINT ( 'NONE',  ( 2.286392831425511751, -37.69094934504865790, 2.286392831425518857 ) ) ;
#1156 = ADVANCED_FACE ( 'NONE', ( #642, #1099 ), #1062, .F. ) ;
#1157 = EDGE_LOOP ( 'NONE', ( #1109 ) ) ;
#1158 = CARTESIAN_POINT ( 'NONE',  ( 1.043755845683490557, -34.57628941006387890, -8.133583978981709706 ) ) ;
#1159 = VERTEX_POINT ( 'NONE', #960 ) ;
#1160 = CARTESIAN_POINT ( 'NONE',  ( -3.143139542413560861, -37.06666666666666288, -4.942216899348619741 ) ) ;
#1161 = ORIENTED_EDGE ( 'NONE', *, *, #1274, .F. ) ;
#1162 = EDGE_CURVE ( 'NONE', #1372, #1372, #1295, .T. ) ;
#1163 = CARTESIAN_POINT ( 'NONE',  ( 2.650971539861736392, -29.95948720618162397, -3.414331667785366786 ) ) ;
#1164 = CARTESIAN_POINT ( 'NONE',  ( 0.000000000000000000, 0.000000000000000000, 0.000000000000000000 ) ) ;
#1165 = CC_DESIGN_PERSON_AND_ORGANIZATION_ASSIGNMENT ( #116, #604, ( #867 ) ) ;
#1166 = CARTESIAN_POINT ( 'NONE',  ( 0.000000000000000000, -38.89999999999999858, 0.000000000000000000 ) ) ;
#1167 = FACE_BOUND ( 'NONE', #1368, .T. ) ;
#1168 = CARTESIAN_POINT ( 'NONE',  ( -0.8549134950129865240, -27.52610248855863162, -2.116149965407966071 ) ) ;
#1169 = CARTESIAN_POINT ( 'NONE',  ( -2.378275841009218627, -28.16247715844792765, -1.508701179853762397 ) ) ;
#1170 = CYLINDRICAL_SURFACE ( 'NONE', #1175, 10.25000000000000000 ) ;
#1171 = CARTESIAN_POINT ( 'NONE',  ( -4.942216899348581549, -37.06666666666666288, -3.143139542413607490 ) ) ;
#1172 = EDGE_CURVE ( 'NONE', #952, #1159, #963, .T. ) ;
#1173 = CIRCLE ( 'NONE', #819, 5.334999999999999964 ) ;
#1174 = CARTESIAN_POINT ( 'NONE',  ( -3.139336497687524652, -32.32402654510558904, -5.470367083843253653 ) ) ;
#1175 = AXIS2_PLACEMENT_3D ( 'NONE', #252, #472, #22 ) ;
#1176 = EDGE_LOOP ( 'NONE', ( #409 ) ) ;
#1177 = CARTESIAN_POINT ( 'NONE',  ( -2.007077296658192012, -27.21399571321908795, 0.2465819951974704827 ) ) ;
#1178 = ORIENTED_EDGE ( 'NONE', *, *, #1088, .F. ) ;
#1179 = CARTESIAN_POINT ( 'NONE',  ( 0.000000000000000000, 0.000000000000000000, 0.000000000000000000 ) ) ;
#1180 = VERTEX_POINT ( 'NONE', #117 ) ;
#1181 = CARTESIAN_POINT ( 'NONE',  ( 4.901206692028170941, -31.74819179295373317, 3.145351462901052386 ) ) ;
#1182 = EDGE_LOOP ( 'NONE', ( #597 ) ) ;
#1183 = ADVANCED_FACE ( 'NONE', ( #1031 ), #664, .T. ) ;
#1184 = DIRECTION ( 'NONE',  ( 0.000000000000000000, 1.000000000000000000, 0.000000000000000000 ) ) ;
#1185 = CARTESIAN_POINT ( 'NONE',  ( -6.505213034913026604E-16, -34.69999999999999574, 8.300000000000002487 ) ) ;
#1186 = EDGE_CURVE ( 'NONE', #695, #21, #298, .T. ) ;
#1187 = DIRECTION ( 'NONE',  ( -0.000000000000000000, -1.000000000000000000, -0.000000000000000000 ) ) ;
#1188 = CARTESIAN_POINT ( 'NONE',  ( 5.150000000000000355, -27.00000000000000000, -5.355456132639712751E-14 ) ) ;
#1189 = FACE_OUTER_BOUND ( 'NONE', #1252, .T. ) ;
#1190 = CARTESIAN_POINT ( 'NONE',  ( 2.210654468033208087, -27.77447185656321693, 1.148567294895401547 ) ) ;
#1191 = ORIENTED_EDGE ( 'NONE', *, *, #808, .F. ) ;
#1192 = AXIS2_PLACEMENT_3D ( 'NONE', #1332, #1316, #354 ) ;
#1193 = CARTESIAN_POINT ( 'NONE',  ( 3.094464374970025133, -37.75717475989829097, -3.094464374970014475 ) ) ;
#1194 = DIRECTION ( 'NONE',  ( -0.000000000000000000, -1.000000000000000000, -0.000000000000000000 ) ) ;
#1195 = CARTESIAN_POINT ( 'NONE',  ( 2.000090741891485724, -27.19223083198760094, -0.1358590839973153053 ) ) ;
#1196 = MANIFOLD_SOLID_BREP ( '圆角1', #571 ) ;
#1197 = CARTESIAN_POINT ( 'NONE',  ( -2.636217316547704304, -29.95202860153675672, 3.417315756762464574 ) ) ;
#1198 = CARTESIAN_POINT ( 'NONE',  ( 3.094464374970029574, -37.75717475989827676, 3.094464374970040677 ) ) ;
#1199 = PERSON_AND_ORGANIZATION ( #103, #889 ) ;
#1200 = AXIS2_PLACEMENT_3D ( 'NONE', #780, #1243, #600 ) ;
#1201 = FACE_OUTER_BOUND ( 'NONE', #1051, .T. ) ;
#1202 = CARTESIAN_POINT ( 'NONE',  ( 4.942216899348372827, -37.06666666666674814, -3.143139542413593279 ) ) ;
#1203 = PLANE ( 'NONE',  #618 ) ;
#1204 = CYLINDRICAL_SURFACE ( 'NONE', #94, 3.150000000000000355 ) ;
#1205 = CARTESIAN_POINT ( 'NONE',  ( -1.498276998900083035, -28.15001486620458948, 2.372575291066469028 ) ) ;
#1206 = ORIENTED_EDGE ( 'NONE', *, *, #1043, .T. ) ;
#1207 = CARTESIAN_POINT ( 'NONE',  ( -0.000000000000000000, -38.89999999999999858, 5.150000000000000355 ) ) ;
#1208 = EDGE_CURVE ( 'NONE', #709, #882, #559, .T. ) ;
#1209 = ORIENTED_EDGE ( 'NONE', *, *, #940, .T. ) ;
#1210 = CARTESIAN_POINT ( 'NONE',  ( 7.339171910423944567, -33.96280896440127606, -2.277152670297948767 ) ) ;
#1211 = B_SPLINE_CURVE_WITH_KNOTS ( 'NONE', 3,
 ( #323, #204, #1090, #1294, #304, #1081, #1284, #1280, #636, #643, #1391, #430, #1181, #320, #311, #1385, #425, #658, #739, #546, #654, #1190, #79, #537, #750, #1084, #433, #1195, #556, #1307, #114, #565, #757, #231, #761, #224, #1095, #575, #986, #873, #236, #994, #341, #769, #107, #102, #662, #327, #1210, #450, #215, #1318, #120, #888, #1001, #1110, #1414, #220 ),
 .UNSPECIFIED., .T., .F.,
 ( 4, 2, 2, 2, 2, 2, 2, 2, 2, 2, 2, 2, 2, 2, 2, 2, 2, 2, 2, 2, 2, 2, 2, 2, 2, 2, 2, 2, 4 ),
 ( 0.006522151761014624051, 0.007314523431666005750, 0.008106895102317388316, 0.009691638443620149979, 0.01127638178492291338, 0.01206875345557428640, 0.01286112512622565943, 0.01444586846752842282, 0.01603061180883118622, 0.01682298347948256445, 0.01761535515013394615, 0.01840772682078532785, 0.01880391265611101870, 0.01920009849143670955, 0.01959628432676240040, 0.01999247016208808778, 0.02078484183273946601, 0.02157721350339084077, 0.02236958517404221553, 0.02395432851534496851, 0.02553907185664771803, 0.02712381519795047449, 0.02791618686860185272, 0.02870855853925323095, 0.02950093020990461265, 0.03029330188055599088, 0.03068948771588167826, 0.03108567355120736564, 0.03187804522185874040 ),
 .UNSPECIFIED. ) ;
#1212 = CARTESIAN_POINT ( 'NONE',  ( -5.051635180066354813, -37.02207802175420426, 3.148947072213237774 ) ) ;
#1213 = CARTESIAN_POINT ( 'NONE',  ( -5.051595077724132743, -37.02209407261268126, -3.148946522137041626 ) ) ;
#1214 = ADVANCED_FACE ( 'NONE', ( #381, #200 ), #342, .F. ) ;
#1215 = EDGE_CURVE ( 'NONE', #1335, #474, #735, .T. ) ;
#1216 = AXIS2_PLACEMENT_3D ( 'NONE', #460, #350, #1225 ) ;
#1217 = CIRCLE ( 'NONE', #1216, 3.150000000000000355 ) ;
#1218 = CARTESIAN_POINT ( 'NONE',  ( 0.000000000000000000, -0.6999999999999999556, 0.000000000000000000 ) ) ;
#1219 = CARTESIAN_POINT ( 'NONE',  ( -3.094464374970013143, -37.75717475989829808, 3.094464374969980724 ) ) ;
#1220 = CARTESIAN_POINT ( 'NONE',  ( -4.631105624577565472, -37.17250975519627332, 3.209360859446925396 ) ) ;
#1221 = ORIENTED_EDGE ( 'NONE', *, *, #33, .T. ) ;
#1222 = ORIENTED_EDGE ( 'NONE', *, *, #1088, .T. ) ;
#1223 = CARTESIAN_POINT ( 'NONE',  ( -2.867979120615179234, -37.67976038813174711, -2.867979120615210320 ) ) ;
#1224 = ORIENTED_EDGE ( 'NONE', *, *, #515, .F. ) ;
#1225 = DIRECTION ( 'NONE',  ( 0.000000000000000000, 0.000000000000000000, -1.000000000000000000 ) ) ;
#1226 = AXIS2_PLACEMENT_3D ( 'NONE', #1164, #1362, #706 ) ;
#1227 = CARTESIAN_POINT ( 'NONE',  ( -2.635543176080125338, -37.66422899266136426, 2.635543176080097805 ) ) ;
#1228 = DIRECTION ( 'NONE',  ( -0.000000000000000000, -1.000000000000000000, -0.000000000000000000 ) ) ;
#1229 = CIRCLE ( 'NONE', #1285, 3.550000000000000266 ) ;
#1230 = EDGE_CURVE ( 'NONE', #665, #244, #206, .T. ) ;
#1231 = CARTESIAN_POINT ( 'NONE',  ( 0.000000000000000000, -3.899999999999999911, 5.334999999999999964 ) ) ;
#1232 = CARTESIAN_POINT ( 'NONE',  ( 3.148946522137059389, -37.02209407261268126, -5.051595077724130078 ) ) ;
#1233 = CARTESIAN_POINT ( 'NONE',  ( 4.942216899348604642, -37.06666666666666288, 3.143139542413573295 ) ) ;
#1234 = CONICAL_SURFACE ( 'NONE', #1080, 1.925436851031889995, 1.134464013796310233 ) ;
#1235 = AXIS2_PLACEMENT_3D ( 'NONE', #254, #1257, #748 ) ;
#1236 = CYLINDRICAL_SURFACE ( 'NONE', #62, 3.149999999999999911 ) ;
#1237 = CARTESIAN_POINT ( 'NONE',  ( 0.000000000000000000, -36.79999999999999716, -10.25000000000000000 ) ) ;
#1238 = EDGE_LOOP ( 'NONE', ( #123 ) ) ;
#1239 = CARTESIAN_POINT ( 'NONE',  ( 3.155095350852787472, -31.94420698264321246, 5.089950085438236016 ) ) ;
#1240 = VERTEX_POINT ( 'NONE', #211 ) ;
#1241 = EDGE_CURVE ( 'NONE', #865, #1240, #540, .T. ) ;
#1242 = DIRECTION ( 'NONE',  ( 0.000000000000000000, 0.000000000000000000, 1.000000000000000000 ) ) ;
#1243 = DIRECTION ( 'NONE',  ( 0.000000000000000000, -1.000000000000000000, -0.000000000000000000 ) ) ;
#1244 = CARTESIAN_POINT ( 'NONE',  ( 1.725825930750466419, -34.32143122696714244, 7.797266776753415840 ) ) ;
#1245 = COORDINATED_UNIVERSAL_TIME_OFFSET ( 8, 0, .AHEAD. ) ;
#1246 = APPROVAL_ROLE ( '' ) ;
#1247 = CARTESIAN_POINT ( 'NONE',  ( -3.208792153192362218, -37.17160077861380074, 4.633777436853963927 ) ) ;
#1248 = CARTESIAN_POINT ( 'NONE',  ( -3.022328679407314311, -29.35564224207688255, -2.329068689126719160 ) ) ;
#1249 = EDGE_CURVE ( 'NONE', #457, #1180, #339, .T. ) ;
#1250 = CARTESIAN_POINT ( 'NONE',  ( 0.000000000000000000, -18.87556217890663390, -1.481814834742186671 ) ) ;
#1251 = EDGE_LOOP ( 'NONE', ( #1290 ) ) ;
#1252 = EDGE_LOOP ( 'NONE', ( #770 ) ) ;
#1253 = PLANE ( 'NONE',  #417 ) ;
#1254 = CARTESIAN_POINT ( 'NONE',  ( 0.9069374663784345314, -38.51143695433221836, 0.9069374663784376400 ) ) ;
#1255 = EDGE_LOOP ( 'NONE', ( #32 ) ) ;
#1256 = EDGE_CURVE ( 'NONE', #474, #332, #1287, .T. ) ;
#1257 = DIRECTION ( 'NONE',  ( 0.000000000000000000, -1.000000000000000000, -1.783247239190584574E-16 ) ) ;
#1258 = DIRECTION ( 'NONE',  ( -0.000000000000000000, -1.000000000000000000, -0.000000000000000000 ) ) ;
#1259 = CARTESIAN_POINT ( 'NONE',  ( -6.611006846334876563, -33.36193631446475649, -2.798387398666971837 ) ) ;
#1260 = CARTESIAN_POINT ( 'NONE',  ( 1.728200695047063640, -34.32007442334113279, -7.795508612822022343 ) ) ;
#1261 = VERTEX_POINT ( 'NONE', #1355 ) ;
#1262 = DIRECTION ( 'NONE',  ( -0.000000000000000000, -1.000000000000000000, -0.000000000000000000 ) ) ;
#1263 = FACE_OUTER_BOUND ( 'NONE', #443, .T. ) ;
#1264 = DIRECTION ( 'NONE',  ( 0.000000000000000000, 0.000000000000000000, -1.000000000000000000 ) ) ;
#1265 = CARTESIAN_POINT ( 'NONE',  ( 2.965247910466214165, -33.03237008830145527, -6.233032207463163665 ) ) ;
#1266 = AXIS2_PLACEMENT_3D ( 'NONE', #207, #985, #334 ) ;
#1267 = DIRECTION ( 'NONE',  ( 0.000000000000000000, 0.000000000000000000, -1.000000000000000000 ) ) ;
#1268 = DIRECTION ( 'NONE',  ( -1.783247239190584574E-16, -1.000000000000000000, -1.867852337453239116E-30 ) ) ;
#1269 = ORIENTED_EDGE ( 'NONE', *, *, #1059, .F. ) ;
#1270 = CARTESIAN_POINT ( 'NONE',  ( -2.081807586146378508, -28.94720137200830834, -2.779790630184332034 ) ) ;
#1271 = EDGE_LOOP ( 'NONE', ( #426, #1056, #509, #376, #374, #1221, #263, #297 ) ) ;
#1272 = CARTESIAN_POINT ( 'NONE',  ( -3.094464374970035347, -37.75717475989826966, -3.094464374970069986 ) ) ;
#1273 = CARTESIAN_POINT ( 'NONE',  ( -3.143139542413555976, -37.06666666666666288, 4.942216899348614412 ) ) ;
#1274 = EDGE_CURVE ( 'NONE', #783, #1386, #831, .T. ) ;
#1275 = CARTESIAN_POINT ( 'NONE',  ( 2.281390186876601334, -33.95937822828317110, -7.334865530048132243 ) ) ;
#1276 = CARTESIAN_POINT ( 'NONE',  ( 3.143139542413555976, -37.06666666666666288, -4.942216899348615300 ) ) ;
#1277 = CARTESIAN_POINT ( 'NONE',  ( -2.458171668105132657, -28.33312343386652898, 1.645711257374241399 ) ) ;
#1278 = ADVANCED_FACE ( 'NONE', ( #1113, #1010 ), #237, .F. ) ;
#1279 = CIRCLE ( 'NONE', #1192, 3.150000000000000355 ) ;
#1280 = CARTESIAN_POINT ( 'NONE',  ( 6.623041520160724005, -33.37574476687210279, 2.819101914638248996 ) ) ;
#1281 = CONICAL_SURFACE ( 'NONE', #752, 2.850000000000000089, 0.6857295109062858662 ) ;
#1282 = DIRECTION ( 'NONE',  ( 0.000000000000000000, 0.000000000000000000, -1.000000000000000000 ) ) ;
#1283 = CARTESIAN_POINT ( 'NONE',  ( -2.067094597819819857, -27.39071734053217355, -0.6561570026604249817 ) ) ;
#1284 = CARTESIAN_POINT ( 'NONE',  ( 7.340918194678153874, -33.96815761320453930, 2.305876056830186815 ) ) ;
#1285 = AXIS2_PLACEMENT_3D ( 'NONE', #64, #403, #286 ) ;
#1286 = ADVANCED_FACE ( 'NONE', ( #981, #1328 ), #777, .T. ) ;
#1287 = B_SPLINE_CURVE_WITH_KNOTS ( 'NONE', 3,
 ( #1107, #14, #1121, #778 ),
 .UNSPECIFIED., .F., .F.,
 ( 4, 4 ),
 ( 0.01030726800307817624, 0.01048289855522046773 ),
 .UNSPECIFIED. ) ;
#1288 = ORIENTED_EDGE ( 'NONE', *, *, #1015, .F. ) ;
#1289 = ORIENTED_EDGE ( 'NONE', *, *, #1249, .T. ) ;
#1290 = ORIENTED_EDGE ( 'NONE', *, *, #647, .F. ) ;
#1291 = CARTESIAN_POINT ( 'NONE',  ( 0.000000000000000000, -4.099999999999999645, 0.000000000000000000 ) ) ;
#1292 = CARTESIAN_POINT ( 'NONE',  ( -3.054504886264745256, -31.15300521379112553, 4.360604767814121097 ) ) ;
#1293 = AXIS2_PLACEMENT_3D ( 'NONE', #523, #966, #1282 ) ;
#1294 = CARTESIAN_POINT ( 'NONE',  ( 8.133216185932399256, -34.57601613116326433, 1.045446388469979171 ) ) ;
#1295 = CIRCLE ( 'NONE', #1150, 5.535000000000000142 ) ;
#1296 = DIRECTION ( 'NONE',  ( -1.000000000000000000, 0.000000000000000000, -3.491481338843133750E-15 ) ) ;
#1297 = FACE_OUTER_BOUND ( 'NONE', #1087, .T. ) ;
#1298 = CARTESIAN_POINT ( 'NONE',  ( 3.162961204324163944, -37.63508411898460082, 3.393320915234223190 ) ) ;
#1299 = TOROIDAL_SURFACE ( 'NONE', #319, 5.334999999999999964, 0.2000000000000000111 ) ;
#1300 = AXIS2_PLACEMENT_3D ( 'NONE', #86, #194, #198 ) ;
#1301 = EDGE_LOOP ( 'NONE', ( #1222 ) ) ;
#1302 = VERTEX_POINT ( 'NONE', #456 ) ;
#1303 = B_SPLINE_CURVE_WITH_KNOTS ( 'NONE', 3,
 ( #926, #589, #1144, #1349, #150, #25, #599, #703, #36, #151, #787, #1037, #383, #361 ),
 .UNSPECIFIED., .F., .F.,
 ( 4, 2, 2, 2, 2, 2, 4 ),
 ( 0.0005483474771260727276, 0.001038709765488923624, 0.001529072053851774412, 0.002019434342214625200, 0.002509796630577476855, 0.003490521207303178865, 0.004471245784028881308 ),
 .UNSPECIFIED. ) ;
#1304 = SECURITY_CLASSIFICATION ( '', '', #373 ) ;
#1305 = CARTESIAN_POINT ( 'NONE',  ( -5.150000000000000355, -36.69999999999999574, -5.394338668512641349E-14 ) ) ;
#1306 = DIRECTION ( 'NONE',  ( 0.000000000000000000, 1.000000000000000000, 0.000000000000000000 ) ) ;
#1307 = CARTESIAN_POINT ( 'NONE',  ( 2.040713446976721634, -27.31422016872828351, -0.5202859066766133411 ) ) ;
#1308 = DIRECTION ( 'NONE',  ( 0.000000000000000000, 0.000000000000000000, 1.000000000000000000 ) ) ;
#1309 = CARTESIAN_POINT ( 'NONE',  ( -3.094827292217821046, -31.35132039467029941, 4.535382319450370403 ) ) ;
#1310 = EDGE_CURVE ( 'NONE', #244, #21, #1279, .T. ) ;
#1311 = CARTESIAN_POINT ( 'NONE',  ( 3.149703704231708645, -37.00000000000000000, -5.106796116504860983 ) ) ;
#1312 = DATE_AND_TIME ( #184, #1061 ) ;
#1313 = AXIS2_PLACEMENT_3D ( 'NONE', #507, #1262, #707 ) ;
#1314 = B_SPLINE_CURVE_WITH_KNOTS ( 'NONE', 3,
 ( #1276, #1380, #741, #1076, #182, #77, #840, #187 ),
 .UNSPECIFIED., .F., .F.,
 ( 4, 2, 2, 4 ),
 ( 0.0002124591235449877641, 0.001202790739545685564, 0.001697956547546034369, 0.002193122355546383608 ),
 .UNSPECIFIED. ) ;
#1315 = FACE_OUTER_BOUND ( 'NONE', #1301, .T. ) ;
#1316 = DIRECTION ( 'NONE',  ( -0.000000000000000000, -1.000000000000000000, 1.783247239190584574E-16 ) ) ;
#1317 = DIRECTION ( 'NONE',  ( 0.000000000000000000, 0.000000000000000000, -1.000000000000000000 ) ) ;
#1318 = CARTESIAN_POINT ( 'NONE',  ( 7.977320473972504544, -34.45854887393043242, -1.394432222257663279 ) ) ;
#1319 = ORIENTED_EDGE ( 'NONE', *, *, #1418, .F. ) ;
#1320 = CARTESIAN_POINT ( 'NONE',  ( 0.000000000000000000, -18.82379836988613064, 0.000000000000000000 ) ) ;
#1321 = CARTESIAN_POINT ( 'NONE',  ( 4.942216899348372827, -37.06666666666674814, -3.143139542413593279 ) ) ;
#1322 = EDGE_CURVE ( 'NONE', #762, #762, #809, .T. ) ;
#1323 = ORIENTED_EDGE ( 'NONE', *, *, #45, .F. ) ;
#1324 = ORIENTED_EDGE ( 'NONE', *, *, #326, .T. ) ;
#1325 = CARTESIAN_POINT ( 'NONE',  ( 3.242691151242417469, -37.69573361742796891, -3.132575728577387419 ) ) ;
#1326 = DIRECTION ( 'NONE',  ( -0.000000000000000000, -1.000000000000000000, -0.000000000000000000 ) ) ;
#1327 = EDGE_CURVE ( 'NONE', #820, #1302, #44, .T. ) ;
#1328 = FACE_OUTER_BOUND ( 'NONE', #1387, .T. ) ;
#1329 = CARTESIAN_POINT ( 'NONE',  ( 0.000000000000000000, -0.9000000000000000222, 0.000000000000000000 ) ) ;
#1330 = CARTESIAN_POINT ( 'NONE',  ( -1.834867364293420566, -37.84426750856338373, 1.834867364293401026 ) ) ;
#1331 = CIRCLE ( 'NONE', #550, 1.899999999999999911 ) ;
#1332 = CARTESIAN_POINT ( 'NONE',  ( -0.000000000000000000, -37.06666666666666288, 5.150000000000000355 ) ) ;
#1333 = ORIENTED_EDGE ( 'NONE', *, *, #1418, .T. ) ;
#1334 = CARTESIAN_POINT ( 'NONE',  ( 0.000000000000000000, -34.69999999999999574, -10.05000000000000071 ) ) ;
#1335 = VERTEX_POINT ( 'NONE', #766 ) ;
#1336 = CARTESIAN_POINT ( 'NONE',  ( -3.094464374970013143, -37.75717475989829808, 3.094464374969980724 ) ) ;
#1337 = AXIS2_PLACEMENT_3D ( 'NONE', #782, #911, #135 ) ;
#1338 = CARTESIAN_POINT ( 'NONE',  ( -3.146743673701531296, -37.04431261976839806, 4.996736672765078602 ) ) ;
#1339 = DIRECTION ( 'NONE',  ( -1.783247239190584574E-16, -1.000000000000000000, -1.867852337453239116E-30 ) ) ;
#1340 = DIRECTION ( 'NONE',  ( -0.000000000000000000, -1.000000000000000000, -0.000000000000000000 ) ) ;
#1341 = CARTESIAN_POINT ( 'NONE',  ( 1.149829622809066754, -27.78205807743484002, 2.215588533190433917 ) ) ;
#1342 = COORDINATED_UNIVERSAL_TIME_OFFSET ( 8, 0, .AHEAD. ) ;
#1343 = VERTEX_POINT ( 'NONE', #1250 ) ;
#1344 = FACE_OUTER_BOUND ( 'NONE', #1005, .T. ) ;
#1345 = APPLICATION_CONTEXT ( 'configuration controlled 3d designs of mechanical parts and assemblies' ) ;
#1346 = DIRECTION ( 'NONE',  ( 0.000000000000000000, 1.000000000000000000, 0.000000000000000000 ) ) ;
#1347 = CARTESIAN_POINT ( 'NONE',  ( 1.281229446668268324, -34.50533670032742606, 8.038762301668874954 ) ) ;
#1348 = PERSON_AND_ORGANIZATION_ROLE ( 'classification_officer' ) ;
#1349 = CARTESIAN_POINT ( 'NONE',  ( 2.635543176080128447, -37.66422899266133584, -2.635543176080120009 ) ) ;
#1350 = DIRECTION ( 'NONE',  ( -0.000000000000000000, -1.000000000000000000, -0.000000000000000000 ) ) ;
#1351 = ORIENTED_EDGE ( 'NONE', *, *, #657, .F. ) ;
#1352 = EDGE_LOOP ( 'NONE', ( #1206, #1019, #883, #1105 ) ) ;
#1353 = DIRECTION ( 'NONE',  ( -0.000000000000000000, -1.000000000000000000, -0.000000000000000000 ) ) ;
#1354 = EDGE_LOOP ( 'NONE', ( #800 ) ) ;
#1355 = CARTESIAN_POINT ( 'NONE',  ( 0.000000000000000000, -0.6999999999999999556, -5.535000000000000142 ) ) ;
#1356 = EDGE_LOOP ( 'NONE', ( #1146 ) ) ;
#1357 = SHAPE_DEFINITION_REPRESENTATION ( #81, #970 ) ;
#1358 = CIRCLE ( 'NONE', #704, 10.05000000000000071 ) ;
#1359 = FACE_OUTER_BOUND ( 'NONE', #489, .T. ) ;
#1360 = CARTESIAN_POINT ( 'NONE',  ( -1.949005772938428915, -28.74638520194408642, -2.669008336954393101 ) ) ;
#1361 = AXIS2_PLACEMENT_3D ( 'NONE', #619, #50, #1367 ) ;
#1362 = DIRECTION ( 'NONE',  ( -0.000000000000000000, -1.000000000000000000, -0.000000000000000000 ) ) ;
#1363 = CARTESIAN_POINT ( 'NONE',  ( 3.094464374970029574, -37.75717475989827676, 3.094464374970040677 ) ) ;
#1364 = FACE_OUTER_BOUND ( 'NONE', #1123, .T. ) ;
#1365 = CARTESIAN_POINT ( 'NONE',  ( -0.5213768734819625994, -27.31465285504891227, -2.040859366261384089 ) ) ;
#1366 = ORIENTED_EDGE ( 'NONE', *, *, #353, .T. ) ;
#1367 = DIRECTION ( 'NONE',  ( 0.000000000000000000, 0.000000000000000000, -1.000000000000000000 ) ) ;
#1368 = EDGE_LOOP ( 'NONE', ( #969 ) ) ;
#1369 = CARTESIAN_POINT ( 'NONE',  ( 2.445085662092568057, -29.54592313345781207, -3.134716293958808020 ) ) ;
#1370 = DIRECTION ( 'NONE',  ( 0.000000000000000000, 1.000000000000000000, 0.000000000000000000 ) ) ;
#1371 = CARTESIAN_POINT ( 'NONE',  ( 1.287841883368987972, -34.50296842404346620, -8.035629350127507564 ) ) ;
#1372 = VERTEX_POINT ( 'NONE', #690 ) ;
#1373 = DIRECTION ( 'NONE',  ( 1.783247239190584574E-16, -1.000000000000000000, 6.226174458177463719E-31 ) ) ;
#1374 = CARTESIAN_POINT ( 'NONE',  ( 0.000000000000000000, -4.099999999999999645, 0.000000000000000000 ) ) ;
#1375 = EDGE_CURVE ( 'NONE', #1106, #865, #1092, .T. ) ;
#1376 = CARTESIAN_POINT ( 'NONE',  ( -1.923049885466937337, -34.21256186105907204, -7.656011227122004215 ) ) ;
#1377 = AXIS2_PLACEMENT_3D ( 'NONE', #1329, #1417, #763 ) ;
#1378 = ADVANCED_FACE ( 'NONE', ( #609, #310 ), #419, .F. ) ;
#1379 = FACE_OUTER_BOUND ( 'NONE', #652, .T. ) ;
#1380 = CARTESIAN_POINT ( 'NONE',  ( 3.208792153192360441, -37.17160077861380074, -4.633777436853971032 ) ) ;
#1381 = CARTESIAN_POINT ( 'NONE',  ( -2.661124967955123655, -28.73175118656802240, 1.939022017900736472 ) ) ;
#1382 = FACE_OUTER_BOUND ( 'NONE', #1238, .T. ) ;
#1383 = DIRECTION ( 'NONE',  ( 1.000000000000000000, 0.000000000000000000, 1.047444401652940007E-14 ) ) ;
#1384 = ORIENTED_EDGE ( 'NONE', *, *, #502, .F. ) ;
#1385 = CARTESIAN_POINT ( 'NONE',  ( 3.411742171241618049, -29.95615347506664250, 2.649762528672296558 ) ) ;
#1386 = VERTEX_POINT ( 'NONE', #490 ) ;
#1387 = EDGE_LOOP ( 'NONE', ( #277 ) ) ;
#1388 = CARTESIAN_POINT ( 'NONE',  ( -8.257563538191424968, -34.66857797583411127, 0.5324575394763843006 ) ) ;
#1389 = CARTESIAN_POINT ( 'NONE',  ( 0.1331704456375951140, -34.69999999999999574, 8.300000000000002487 ) ) ;
#1390 = EDGE_CURVE ( 'NONE', #1180, #709, #577, .T. ) ;
#1391 = CARTESIAN_POINT ( 'NONE',  ( 5.465098992951566537, -32.31891153817080209, 3.139893249815501441 ) ) ;
#1392 = CARTESIAN_POINT ( 'NONE',  ( -5.650899534742760189, -32.49749379335928978, 3.116149701322133758 ) ) ;
#1393 = VERTEX_POINT ( 'NONE', #1231 ) ;
#1394 = DIRECTION ( 'NONE',  ( -0.000000000000000000, -1.000000000000000000, -0.000000000000000000 ) ) ;
#1395 = DIRECTION ( 'NONE',  ( -0.000000000000000000, -1.000000000000000000, -0.000000000000000000 ) ) ;
#1396 = CARTESIAN_POINT ( 'NONE',  ( 0.000000000000000000, -34.89999999999999147, 0.000000000000000000 ) ) ;
#1397 = CARTESIAN_POINT ( 'NONE',  ( -0.2655154884317276753, -34.69379913940165494, -8.291606419247512960 ) ) ;
#1398 = FACE_OUTER_BOUND ( 'NONE', #108, .T. ) ;
#1399 = CC_DESIGN_PERSON_AND_ORGANIZATION_ASSIGNMENT ( #908, #1348, ( #1304 ) ) ;
#1400 = CARTESIAN_POINT ( 'NONE',  ( 0.000000000000000000, -3.600000000000000089, 0.000000000000000000 ) ) ;
#1401 = CARTESIAN_POINT ( 'NONE',  ( -2.967061240379449849, -33.02797344574594263, 6.228083001037423294 ) ) ;
#1402 = ORIENTED_EDGE ( 'NONE', *, *, #213, .F. ) ;
#1403 = DIRECTION ( 'NONE',  ( 0.000000000000000000, 0.000000000000000000, 1.000000000000000000 ) ) ;
#1404 = CARTESIAN_POINT ( 'NONE',  ( 0.000000000000000000, -38.89999999999999858, 0.000000000000000000 ) ) ;
#1405 = ORIENTED_EDGE ( 'NONE', *, *, #1024, .T. ) ;
#1406 = DIRECTION ( 'NONE',  ( 0.000000000000000000, 0.000000000000000000, 1.000000000000000000 ) ) ;
#1407 = CARTESIAN_POINT ( 'NONE',  ( -2.319661421658264722, -29.33906202531965945, 3.012022200014403683 ) ) ;
#1408 = CARTESIAN_POINT ( 'NONE',  ( 0.000000000000000000, -37.00000000000000000, 0.000000000000000000 ) ) ;
#1409 = AXIS2_PLACEMENT_3D ( 'NONE', #58, #173, #289 ) ;
#1410 = B_SPLINE_CURVE_WITH_KNOTS ( 'NONE', 3,
 ( #916, #1232, #20, #134 ),
 .UNSPECIFIED., .F., .F.,
 ( 4, 4 ),
 ( 5.304446430031425831E-07, 0.0001763226930842339360 ),
 .UNSPECIFIED. ) ;
#1411 = VERTEX_POINT ( 'NONE', #145 ) ;
#1412 = DIRECTION ( 'NONE',  ( 0.000000000000000000, 0.000000000000000000, 1.000000000000000000 ) ) ;
#1413 = CONICAL_SURFACE ( 'NONE', #259, 1.899999999999999911, 0.2617993877991505181 ) ;
#1414 = CARTESIAN_POINT ( 'NONE',  ( 8.299999999999998934, -34.69999999999999574, -0.2700810222783627257 ) ) ;
#1415 = CARTESIAN_POINT ( 'NONE',  ( 3.221009132654702789, -37.45538081480987813, 3.856008333749783024 ) ) ;
#1416 = FACE_OUTER_BOUND ( 'NONE', #4, .T. ) ;
#1417 = DIRECTION ( 'NONE',  ( 0.000000000000000000, 1.000000000000000000, 0.000000000000000000 ) ) ;
#1418 = EDGE_CURVE ( 'NONE', #993, #993, #1046, .T. ) ;
#1419 = ORIENTED_EDGE ( 'NONE', *, *, #592, .F. ) ;
#1420 = EDGE_LOOP ( 'NONE', ( #53 ) ) ;
#1421 = B_SPLINE_CURVE_WITH_KNOTS ( 'NONE', 3,
 ( #1044, #371, #402, #1158, #1371, #1260, #953, #1275, #291, #837, #717, #1265, #496, #1060, #620, #504, #278, #1163, #1369, #395, #75, #959, #723, #283, #617, #815, #61, #947, #510, #415, #521, #1365, #1050, #1168, #1066, #162, #516, #272, #296, #1360, #1270, #824, #614, #56, #176, #405, #626, #818, #713, #1174, #727, #67, #52, #411, #632, #938, #1048, #1376, #168, #733, #941, #980, #846, #1397, #314, #95 ),
 .UNSPECIFIED., .T., .F.,
 ( 4, 2, 2, 2, 2, 2, 2, 2, 2, 2, 2, 2, 2, 2, 2, 2, 2, 2, 2, 2, 2, 2, 2, 2, 2, 2, 2, 2, 2, 2, 2, 2, 4 ),
 ( 0.002711951053092852802, 0.003510122611121021911, 0.004308294169149191020, 0.005106465727177360130, 0.005904637285205528371, 0.006702808843233697481, 0.007500980401261865722, 0.009097323517318220421, 0.01069366663337457946, 0.01229000974943094196, 0.01308818130745912495, 0.01388635286548731140, 0.01468452442351549439, 0.01508361020252959109, 0.01548269598154368432, 0.01588178176055778101, 0.01628086753957187771, 0.01667995331858597094, 0.01707903909760006764, 0.01787721065562825756, 0.01867538221365645096, 0.01947355377168464088, 0.02027172532971283428, 0.02186806844576920719, 0.02266624000379738324, 0.02346441156182555929, 0.02426258311985373881, 0.02506075467788191485, 0.02585892623591009437, 0.02665709779393827042, 0.02745526935196644994, 0.02785435513098053623, 0.02825344090999462598 ),
 .UNSPECIFIED. ) ;
ENDSEC;
END-ISO-10303-21;
